ticker,data,decisao,mes,ano,lancamento,categoria,valor,moeda
ARGT,2025-01-07,IMPOSTO,jan/25,2025,IMPOSTO,Ação Internacional,"-0,86",USD
ARGT,2025-01-07,Dividendo,jan/25,2025,DIvidendo,Ação Internacional,"2,86",USD
ASML.AS,2026-05-05,Dividendo,mai/26,2026,Dividendo,Ação Internacional,"3,18",EUR
ASML.AS,2026-05-05,IMPOSTO,mai/26,2026,IMPOSTO,Ação Internacional,"-0,48",EUR
ASML.AS,2026-02-18,Dividendo,fev/26,2026,Dividendo,Ação Internacional,"1,88",EUR
ASML.AS,2026-02-18,IMPOSTO,fev/26,2026,IMPOSTO,Ação Internacional,"-0,28",EUR
ASML.AS,2025-11-06,IMPOSTO,nov/25,2025,IMPOSTO,Ação Internacional,"-0,24",EUR
ASML.AS,2025-11-06,Dividendo,nov/25,2025,DIvidendo,Ação Internacional,"1,6",EUR
ASML.AS,2025-08-06,Dividendo,ago/25,2025,DIvidendo,Ação Internacional,"1,6",EUR
ASML.AS,2025-08-06,IMPOSTO,ago/25,2025,IMPOSTO,Ação Internacional,"-0,24",EUR
CMIG4.SA,2025-12-30,Dividendo,dez/25,2025,Dividendo,Ação Nacional,"128,46",BRL
CMIG4.SA,2025-12-30,JCP,dez/25,2025,JCP,Ação Nacional,"32,46",BRL
CMIG4.SA,2025-12-30,JCP,dez/25,2025,JCP,Ação Nacional,"27,38",BRL
CMIG4.SA,2025-12-30,JCP,dez/25,2025,JCP,Ação Nacional,"24,9",BRL
CMIG4.SA,2025-12-30,Dividendo,dez/25,2025,DIvidendo,Ação,"56,89",BRL
CMIG4.SA,2025-12-29,Dividendo,dez/25,2025,DIvidendo,Ação,"46,18",BRL
CMIG4.SA,2025-12-26,Dividendo,dez/25,2025,DIvidendo,Ação,"46,18",BRL
CMIG4.SA,2025-09-30,Dividendo,set/25,2025,DIvidendo,Ação,"82,44",BRL
CMIG4.SA,2025-06-24,Dividendo,jun/25,2025,DIvidendo,Ação,"81,36",BRL
CMIG4.SA,2025-05-02,Dividendo,mai/25,2025,DIvidendo,Ação,"256,94",BRL
CMIG4.SA,2025-03-26,Dividendo,mar/25,2025,DIvidendo,Fii,"73,76",BRL
CMIG4.SA,2024-12-27,Dividendo,dez/24,2024,Dividendo,Ação Nacional,"36,34",BRL
CMIG4.SA,2024-12-26,Dividendo,dez/24,2024,DIvidendo,Ação,"76,37",BRL
CMIG4.SA,2024-09-24,Dividendo,set/24,2024,DIvidendo,Ação,"64,43",BRL
CMIG4.SA,2024-08-30,Dividendo,ago/24,2024,DIvidendo,Ação,"193,58",BRL
CMIG4.SA,2024-06-28,Dividendo,jun/24,2024,Dividendo,Ação Nacional,"36,34",BRL
CMIG4.SA,2024-06-24,Dividendo,jun/24,2024,DIvidendo,Ação,"58,58",BRL
CMIG4.SA,2024-04-30,Dividendo,abr/24,2024,DIvidendo,Ação,"94,48",BRL
ASML.AS,45875,IMPOSTO,46259,2025,IMPOSTO,Ação Internacional,"0,24",EUR
ASML.AS,45967,IMPOSTO,46351,2025,IMPOSTO,Ação Internacional,"0,24",EUR
ASML.AS,46072,IMPOSTO,46079,2026,IMPOSTO,Ação Internacional,"0,24",EUR
ASML.AS,46148,IMPOSTO,46168,2026,IMPOSTO,Ação Internacional,"0,41",EUR
ASML.AS,45875,Dividendo,46259,2025,Dividendo,Ação Internacional,"1,6",EUR
ASML.AS,45967,Dividendo,46351,2025,Dividendo,Ação Internacional,"1,6",EUR
ASML.AS,46072,Dividendo,46079,2026,Dividendo,Ação Internacional,"1,6",EUR
ASML.AS,46148,Dividendo,46168,2026,Dividendo,Ação Internacional,"2,71",EUR
DPM.TO,2026-04-15,IMPOSTO,abr/26,2026,IMPOSTO,Ação Internacional,"-0,39",CAD
DPM.TO,2026-04-15,Dividendo,abr/26,2026,Dividendo,Ação Internacional,"1,56",CAD
DPM.TO,2026-01-15,Dividendo,jan/26,2026,Dividendo,Ação Internacional,"0,72",CAD
DPM.TO,2026-01-15,IMPOSTO,jan/26,2026,IMPOSTO,Ação Internacional,"-0,18",CAD
DPM.TO,2025-10-15,IMPOSTO,out/25,2025,IMPOSTO,Ação Internacional,"-0,18",CAD
DPM.TO,2025-10-15,Dividendo,out/25,2025,DIvidendo,Ação Internacional,"0,71",CAD
DPM.TO,2025-10-15,DIvidendo,out/25,2025,DIvidendo,Ação Internacional,1,CAD
DPM.TO,2025-07-15,DIvidendo,jul/25,2025,DIvidendo,Ação Internacional,"0,98",CAD
DPM.TO,2025-07-15,IMPOSTO,jul/25,2025,IMPOSTO,Ação Internacional,"-0,18",CAD
DPM.TO,2025-07-15,Dividendo,jul/25,2025,DIvidendo,Ação Internacional,"0,72",CAD
DPM.TO,2025-04-15,DIvidendo,abr/25,2025,DIvidendo,Ação Internacional,"1,02",CAD
DPM.TO,2025-04-15,IMPOSTO,abr/25,2025,IMPOSTO,Ação Internacional,"-0,19",CAD
DPM.TO,2025-04-15,Dividendo,abr/25,2025,DIvidendo,Ação Internacional,"0,74",CAD
DPM.TO,2025-01-15,DIvidendo,jan/25,2025,DIvidendo,Ação Internacional,"0,58",CAD
DPM.TO,2025-01-15,Dividendo,jan/25,2025,DIvidendo,Ação Internacional,"0,4",CAD
DPM.TO,2025-01-15,IMPOSTO,jan/25,2025,IMPOSTO,Ação Internacional,"-0,1",CAD
HGCR11.SA,2023-07-14,Dividendo,jul/23,2023,Dividendo,FII,"120,0",BRL
HGCR11.SA,2023-06-15,Dividendo,jun/23,2023,Dividendo,FII,"120,0",BRL
HGCR11.SA,2025-01-15,DIvidendo,jan/25,2025,DIvidendo,Fii,95,BRL
HGCR11.SA,2024-12-13,DIvidendo,dez/24,2024,DIvidendo,Fii,95,BRL
HGCR11.SA,2024-11-14,DIvidendo,nov/24,2024,DIvidendo,Fii,95,BRL
HGCR11.SA,2024-10-14,DIvidendo,out/24,2024,DIvidendo,Fii,95,BRL
HGCR11.SA,2024-09-13,DIvidendo,set/24,2024,DIvidendo,Fii,95,BRL
HGCR11.SA,2024-08-14,DIvidendo,ago/24,2024,DIvidendo,Fii,95,BRL
HGCR11.SA,2024-07-12,DIvidendo,jul/24,2024,DIvidendo,Fii,95,BRL
HGCR11.SA,2024-06-14,DIvidendo,jun/24,2024,DIvidendo,Fii,95,BRL
HGCR11.SA,2024-05-15,DIvidendo,mai/24,2024,DIvidendo,Fii,95,BRL
HGCR11.SA,2024-04-12,DIvidendo,abr/24,2024,DIvidendo,Fii,95,BRL
HGCR11.SA,2024-03-14,DIvidendo,mar/24,2024,DIvidendo,Fii,95,BRL
HGCR11.SA,2024-02-16,DIvidendo,fev/24,2024,DIvidendo,Fii,95,BRL
HGCR11.SA,2024-01-15,DIvidendo,jan/24,2024,DIvidendo,Fii,100,BRL
HGCR11.SA,2023-12-14,DIvidendo,dez/23,2023,DIvidendo,Fii,100,BRL
HGCR11.SA,2023-11-16,DIvidendo,nov/23,2023,DIvidendo,Fii,100,BRL
HGCR11.SA,2023-10-16,DIvidendo,out/23,2023,DIvidendo,Fii,110,BRL
HGCR11.SA,2023-09-15,DIvidendo,set/23,2023,DIvidendo,Fii,110,BRL
HGCR11.SA,2023-08-14,DIvidendo,ago/23,2023,DIvidendo,Fii,110,BRL
HGLG11.SA,2024-10-14,DIvidendo,out/24,2024,DIvidendo,Fii,"34,1",BRL
HGLG11.SA,2024-09-13,DIvidendo,set/24,2024,DIvidendo,Fii,"34,1",BRL
HGLG11.SA,2024-08-14,DIvidendo,ago/24,2024,DIvidendo,Fii,"34,1",BRL
HGLG11.SA,2024-07-12,DIvidendo,jul/24,2024,DIvidendo,Fii,"34,1",BRL
HGLG11.SA,2024-06-14,DIvidendo,jun/24,2024,DIvidendo,Fii,"34,1",BRL
HGLG11.SA,2024-05-15,DIvidendo,mai/24,2024,DIvidendo,Fii,"34,1",BRL
DPM.TO,45854,IMPOSTO,46228,2025,IMPOSTO,Ação Internacional,"0,25",CAD
DPM.TO,45947,IMPOSTO,46320,2025,IMPOSTO,Ação Internacional,"0,25",CAD
DPM.TO,46042,IMPOSTO,46048,2026,IMPOSTO,Ação Internacional,"0,25",CAD
DPM.TO,46127,IMPOSTO,46138,2026,IMPOSTO,Ação Internacional,"0,39",CAD
DPM.TO,46042,Dividendo,46048,2026,Dividendo,Ação Internacional,"0,99",CAD
DPM.TO,46127,Dividendo,46138,2026,Dividendo,Ação Internacional,"1,56",CAD
GOOGL,2026-03-16,IMPOSTO,mar/26,2026,IMPOSTO,Ação Internacional,"-0,44",USD
GOOGL,2026-03-16,Dividendo,mar/26,2026,Dividendo,Ação Internacional,"1,47",USD
GOOGL,2025-12-15,IMPOSTO,dez/25,2025,IMPOSTO,Ação Internacional,"-0,44",USD
GOOGL,2025-12-15,Dividendo,dez/25,2025,DIvidendo,Ação Internacional,"1,47",USD
ITUB4.SA,2026-05-04,JCP,mai/26,2026,JCP,Ação Nacional,"2,16",BRL
ITUB4.SA,2026-04-01,JCP,abr/26,2026,JCP,Ação Nacional,"2,16",BRL
ITUB4.SA,2026-03-06,JCP,mar/26,2026,JCP,Ação Nacional,"44,0",BRL
ITUB4.SA,2026-03-02,JCP,mar/26,2026,JCP,Ação Nacional,"2,16",BRL
ITUB4.SA,2026-02-02,JCP,fev/26,2026,JCP,Ação Nacional,"2,17",BRL
ITUB4.SA,2026-01-02,JCP,jan/26,2026,JCP,Ação Nacional,"2,1",BRL
ITUB4.SA,2026-06-01,Dividendo,jun./26,2026,JCP,Ações Brasil,"2,16",BRL
ITUB4.SA,2026-01-02,JUROS S/ CAPITAL,jan/26,2026,JUROS S/ CAPITAL,Ação,"2,9",BRL
ITUB4.SA,2025-12-19,Dividendo,dez/25,2025,Dividendo,Ação,"261,55",BRL
ITUB4.SA,2025-12-01,DIvidendo,dez/25,2025,DIvidendo,Ação,"2,1",BRL
ITUB4.SA,2025-11-03,DIvidendo,nov/25,2025,JUROS S/ CAPITAL,Ação,"2,1",BRL
ITUB4.SA,2025-10-01,DIvidendo,out/25,2025,JUROS S/ CAPITAL,Ação,"2,1",BRL
ITUB4.SA,2025-09-01,DIvidendo,set/25,2025,JUROS S/ CAPITAL,Ação,"2,1",BRL
ITUB4.SA,2025-08-29,DIvidendo,ago/25,2025,JUROS S/ CAPITAL,Ação,"43,24",BRL
ITUB4.SA,2025-08-29,DIvidendo,ago/25,2025,JUROS S/ CAPITAL,Ação,"39,76",BRL
ITUB4.SA,2025-08-01,DIvidendo,ago/25,2025,JUROS S/ CAPITAL,Ação,"2,1",BRL
ITUB4.SA,2025-07-01,DIvidendo,jul/25,2025,JUROS S/ CAPITAL,Ação,"2,1",BRL
ITUB4.SA,2025-06-02,DIvidendo,jun/25,2025,JUROS S/ CAPITAL,Ação,"2,1",BRL
ITUB4.SA,2025-05-02,DIvidendo,mai/25,2025,JUROS S/ CAPITAL,Ação,"2,1",BRL
ITUB4.SA,2025-04-01,DIvidendo,abr/25,2025,JUROS S/ CAPITAL,Ação,"1,92",BRL
ITUB4.SA,2025-03-07,DIvidendo,mar/25,2025,DIvidendo,Ação,"160,11",BRL
ITUB4.SA,2025-03-07,DIvidendo,mar/25,2025,JUROS S/ CAPITAL,Ação,"29,7",BRL
ITUB4.SA,2025-03-07,DIvidendo,mar/25,2025,JUROS S/ CAPITAL,Ação,"33,79",BRL
ITUB4.SA,2025-03-07,DIvidendo,mar/25,2025,JUROS S/ CAPITAL,Ação,"36,28",BRL
ITUB4.SA,2025-03-06,DIvidendo,mar/25,2025,JUROS S/ CAPITAL,Ação,"1,92",BRL
ITUB4.SA,2025-02-03,DIvidendo,fev/25,2025,JUROS S/ CAPITAL,Ação,"1,92",BRL
ITUB4.SA,2025-01-02,DIvidendo,jan/25,2025,JUROS S/ CAPITAL,Ação,"1,92",BRL
ITUB4.SA,2024-12-02,DIvidendo,dez/24,2024,JUROS S/ CAPITAL,Ação,"1,92",BRL
ITUB4.SA,2024-11-01,DIvidendo,nov/24,2024,JUROS S/ CAPITAL,Ação,"1,92",BRL
ITUB4.SA,2024-10-01,DIvidendo,out/24,2024,JUROS S/ CAPITAL,Ação,"1,92",BRL
ITUB4.SA,2024-09-02,DIvidendo,set/24,2024,JUROS S/ CAPITAL,Ação,"1,92",BRL
ITUB4.SA,2024-08-30,DIvidendo,ago/24,2024,JUROS S/ CAPITAL,Ação,"27,31",BRL
ITUB4.SA,2024-08-01,DIvidendo,ago/24,2024,JUROS S/ CAPITAL,Ação,"1,92",BRL
ITUB4.SA,2024-07-01,DIvidendo,jul/24,2024,JUROS S/ CAPITAL,Ação,"1,92",BRL
ITUB4.SA,2024-06-03,DIvidendo,jun/24,2024,JUROS S/ CAPITAL,Ação,"1,92",BRL
KNCR11.SA,2026-05-14,Dividendo,mai/26,2026,Dividendo,FII,"116,6",BRL
KNCR11.SA,2026-04-14,Dividendo,abr/26,2026,Dividendo,FII,"120,75",BRL
KNCR11.SA,2026-03-12,Dividendo,mar/26,2026,Dividendo,FII,"105,0",BRL
KNCR11.SA,2026-02-12,Dividendo,fev/26,2026,Dividendo,FII,"126,0",BRL
KNCR11.SA,2026-01-14,Dividendo,jan/26,2026,Dividendo,FII,"135,2",BRL
KNCR11.SA,2023-07-13,Dividendo,jul/23,2023,Dividendo,FII,"115,0",BRL
KNCR11.SA,2023-06-14,Dividendo,jun/23,2023,Dividendo,FII,"124,0",BRL
KNCR11.SA,2023-05-12,Dividendo,mai/23,2023,Dividendo,FII,"100,0",BRL
KNCR11.SA,2023-04-14,Dividendo,abr/23,2023,Dividendo,FII,"122,0",BRL
KNCR11.SA,2023-03-13,Dividendo,mar/23,2023,Dividendo,FII,"100,0",BRL
KNCR11.SA,2023-02-13,Dividendo,fev/23,2023,Dividendo,FII,"120,0",BRL
KNCR11.SA,2026-06-12,Dividendo,jun./26,2026,Dividendo,FIIs,"116,6",BRL
KNCR11.SA,2025-12-11,Dividendo,dez/25,2025,DIvidendo,Fii,"114,33",BRL
KNCR11.SA,2025-11-13,DIvidendo,nov/25,2025,DIvidendo,Fii,"135,66",BRL
KNCR11.SA,2025-10-13,DIvidendo,out/25,2025,DIvidendo,Fii,"136,35",BRL
KNCR11.SA,2025-09-11,DIvidendo,set/25,2025,DIvidendo,Fii,135,BRL
KNCR11.SA,2025-08-13,DIvidendo,ago/25,2025,DIvidendo,Fii,135,BRL
KNCR11.SA,2025-07-11,DIvidendo,jul/25,2025,DIvidendo,Fii,120,BRL
KNCR11.SA,2025-06-12,DIvidendo,jun/25,2025,DIvidendo,Fii,120,BRL
KNCR11.SA,2025-05-14,DIvidendo,mai/25,2025,DIvidendo,Fii,116,BRL
KNCR11.SA,2025-04-11,DIvidendo,abr/25,2025,DIvidendo,Fii,104,BRL
KNCR11.SA,2025-03-17,DIvidendo,mar/25,2025,DIvidendo,Fii,107,BRL
KNCR11.SA,2025-02-13,DIvidendo,fev/25,2025,DIvidendo,Fii,107,BRL
KNCR11.SA,2025-01-14,DIvidendo,jan/25,2025,DIvidendo,Fii,100,BRL
KNCR11.SA,2024-12-12,DIvidendo,dez/24,2024,DIvidendo,Fii,95,BRL
KNCR11.SA,2024-11-13,DIvidendo,nov/24,2024,DIvidendo,Fii,102,BRL
KNCR11.SA,2024-10-11,DIvidendo,out/24,2024,JUROS S/ CAPITAL,Fii,95,BRL
KNCR11.SA,2024-09-12,DIvidendo,set/24,2024,DIvidendo,Fii,95,BRL
KNCR11.SA,2024-08-13,DIvidendo,ago/24,2024,DIvidendo,Fii,95,BRL
KNCR11.SA,2024-07-11,DIvidendo,jul/24,2024,DIvidendo,Fii,100,BRL
KNCR11.SA,2024-06-13,DIvidendo,jun/24,2024,DIvidendo,Fii,100,BRL
KNCR11.SA,2024-05-14,DIvidendo,mai/24,2024,DIvidendo,Fii,100,BRL
KNCR11.SA,2024-04-11,DIvidendo,abr/24,2024,DIvidendo,Fii,95,BRL
KNCR11.SA,2024-03-13,DIvidendo,mar/24,2024,DIvidendo,Fii,95,BRL
KNCR11.SA,2024-02-15,DIvidendo,fev/24,2024,DIvidendo,Fii,107,BRL
KNCR11.SA,2024-01-12,DIvidendo,jan/24,2024,DIvidendo,Fii,101,BRL
KNCR11.SA,2023-12-13,DIvidendo,dez/23,2023,DIvidendo,Fii,101,BRL
KNCR11.SA,2023-11-14,DIvidendo,nov/23,2023,DIvidendo,Fii,111,BRL
KNCR11.SA,2023-10-13,DIvidendo,out/23,2023,DIvidendo,Fii,110,BRL
KNCR11.SA,2023-09-14,DIvidendo,set/23,2023,DIvidendo,Fii,120,BRL
KNCR11.SA,2023-08-11,DIvidendo,ago/23,2023,DIvidendo,Fii,115,BRL
GOOGL,2025-09-15,Dividendo,set/25,2025,DIvidendo,Ação Internacional,"1,47",USD
GOOGL,2025-09-15,IMPOSTO,set/25,2025,IMPOSTO,Ação Internacional,"-0,44",USD
GOOGL,2026-06-15,Dividendo,jun./26,2026,Dividendo,Ação Internacional,"1,54",USD
GOOGL,2026-06-15,IMPOSTO,jun./26,2026,IMPOSTO,Ação Internacional,"0,46",USD
IBKR,2026-03-13,IMPOSTO,mar/26,2026,IMPOSTO,Ação Internacional,"-0,19",USD
IBKR,2026-03-13,Dividendo,mar/26,2026,Dividendo,Ação Internacional,"0,64",USD
IBKR,2025-12-12,IMPOSTO,dez/25,2025,IMPOSTO,Ação Internacional,"-0,19",USD
IBKR,2025-12-12,Dividendo,dez/25,2025,DIvidendo,Ação Internacional,"0,64",USD
IBKR,2025-09-12,Dividendo,set/25,2025,DIvidendo,Ação Internacional,"0,64",USD
IBKR,2025-09-12,IMPOSTO,set/25,2025,IMPOSTO,Ação Internacional,"-0,19",USD
IBKR,2025-06-13,Dividendo,jun/25,2025,DIvidendo,Ação Internacional,"0,64",USD
IBKR,2025-06-13,IMPOSTO,jun/25,2025,IMPOSTO,Ação Internacional,"-0,19",USD
IBKR,2026-06-12,IMPOSTO,jun./26,2026,IMPOSTO,Ação Internacional,"0,21",USD
IBKR,2026-06-12,Dividendo,jun./26,2026,Dividendo,Ação Internacional,"0,7",USD
KO,2026-04-01,IMPOSTO,abr/26,2026,IMPOSTO,Ação Internacional,"-2,39",USD
KO,2026-04-01,Dividendo,abr/26,2026,Dividendo,Ação Internacional,"7,95",USD
KO,2025-12-15,DIvidendo,dez/25,2025,DIvidendo,Ação Internacional,"4,08",USD
KO,2025-12-15,IMPOSTO,dez/25,2025,IMPOSTO,Ação Internacional,"-1,07",USD
KO,2025-12-15,IMPOSTO,dez/25,2025,IMPOSTO,Ação Internacional,"-1,22",USD
KO,2025-12-15,DIvidendo,dez/25,2025,DIvidendo,Ação Internacional,"3,57",USD
KO,2025-10-01,DIvidendo,out/25,2025,DIvidendo,Ação Internacional,"4,08",USD
KO,2025-10-01,IMPOSTO,out/25,2025,IMPOSTO,Ação Internacional,"-1,22",USD
KO,2025-10-01,IMPOSTO,out/25,2025,IMPOSTO,Ação Internacional,"-1,07",USD
KO,2025-10-01,DIvidendo,out/25,2025,DIvidendo,Ação Internacional,"3,57",USD
KO,2025-07-01,DIvidendo,jul/25,2025,DIvidendo,Ação Internacional,"3,57",USD
KO,2025-07-01,DIvidendo,jul/25,2025,DIvidendo,Ação Internacional,"4,08",USD
KO,2025-07-01,IMPOSTO,jul/25,2025,IMPOSTO,Ação Internacional,"-1,07",USD
KO,2025-07-01,IMPOSTO,jul/25,2025,IMPOSTO,Ação Internacional,"-1,22",USD
KO,2025-04-01,IMPOSTO,abr/25,2025,IMPOSTO,Ação Internacional,"-1,07",USD
KO,2025-04-01,IMPOSTO,abr/25,2025,IMPOSTO,Ação Internacional,"-1,22",USD
KO,2025-04-01,DIvidendo,abr/25,2025,DIvidendo,Ação Internacional,"3,57",USD
KO,2025-04-01,DIvidendo,abr/25,2025,DIvidendo,Ação Internacional,"4,08",USD
KO,2024-12-16,IMPOSTO,dez/24,2024,IMPOSTO,Ação Internacional,"-1,02",USD
KO,2024-12-16,DIvidendo,dez/24,2024,DIvidendo,Ação Internacional,"3,4",USD
KO,2024-10-01,DIvidendo,out/24,2024,DIvidendo,Ação Internacional,"3,4",USD
KO,2024-10-01,IMPOSTO,out/24,2024,IMPOSTO,Ação Internacional,"-1,02",USD
KO,2024-07-01,IMPOSTO,jul/24,2024,IMPOSTO,Ação Internacional,"-1,07",USD
KO,2024-07-01,DIvidendo,jul/24,2024,DIvidendo,Ação Internacional,"3,4",USD
KO,46204,IMPOSTO,46229,2026,IMPOSTO,Ação Internacional,"2,39",USD
KO,46204,Dividendo,46229,2026,Dividendo,Ação Internacional,"7,95",USD
META,2026-03-26,Dividendo,mar/26,2026,Dividendo,Ação Internacional,"1,58",USD
META,2026-03-26,IMPOSTO,mar/26,2026,IMPOSTO,Ação Internacional,"-0,47",USD
META,2025-12-23,Dividendo,dez/25,2025,DIvidendo,Ação Internacional,"1,05",USD
META,2025-12-23,IMPOSTO,dez/25,2025,IMPOSTO,Ação Internacional,"-0,32",USD
META,2025-09-29,Dividendo,set/25,2025,DIvidendo,Ação Internacional,"1,05",USD
META,2025-09-29,IMPOSTO,set/25,2025,IMPOSTO,Ação Internacional,"-0,32",USD
META,2025-06-26,Dividendo,jun/25,2025,DIvidendo,Ação Internacional,"1,05",USD
META,2025-06-26,IMPOSTO,jun/25,2025,IMPOSTO,Ação Internacional,"-0,32",USD
META,2026-06-25,Dividendo,jun./26,2026,Dividendo,Ação Internacional,"1,58",USD
META,2026-06-25,IMPOSTO,jun./26,2026,IMPOSTO,Ação Internacional,"0,47",USD
MSFT,2026-03-12,Dividendo,mar/26,2026,Dividendo,Ação Internacional,"4,55",USD
MSFT,2026-03-12,IMPOSTO,mar/26,2026,IMPOSTO,Ação Internacional,"-1,37",USD
NTN-B,2025-11-17,Dividendo,nov/25,2025,JUROS RENDA FIXA,Renda Fixa,"269,72",BRL
NTN-B,2025-05-15,Dividendo,mai/25,2025,JUROS RENDA FIXA,Renda Fixa,"-46,63",BRL
NTN-B,2025-05-15,Dividendo,mai/25,2025,JUROS RENDA FIXA,Renda Fixa,"266,46",BRL
NTN-B,2024-11-18,DIvidendo,nov/24,2024,JUROS RENDA FIXA,Renda Fixa,"257,66",BRL
NTN-B,2024-05-15,Dividendo,mai/24,2024,JUROS RENDA FIXA,Renda Fixa,"252,49",BRL
NTN-B,2026-05-15,Dividendo,jun./27,2026,JUROS RENDA FIXA,Renda Fixa,"278,16",BRL
NTN-B,2026-05-15,IMPOSTO,jun./27,2026,IMPOSTO,Renda Fixa,"41,72",BRL
MSFT,2025-12-11,IMPOSTO,dez/25,2025,IMPOSTO,Ação Internacional,"0,27",USD
MSFT,2025-12-11,DIvidendo,dez/25,2025,DIvidendo,Ação Internacional,"0,91",USD
MSFT,2025-09-11,IMPOSTO,set/25,2025,IMPOSTO,Ação Internacional,"-0,25",USD
MSFT,2025-09-11,DIvidendo,set/25,2025,DIvidendo,Ação Internacional,"0,83",USD
MSFT,2025-06-12,IMPOSTO,jun/25,2025,IMPOSTO,Ação Internacional,"-0,25",USD
MSFT,2025-06-12,DIvidendo,jun/25,2025,DIvidendo,Ação Internacional,"0,83",USD
MSFT,2025-03-13,DIvidendo,mar/25,2025,DIvidendo,Ação Internacional,"0,83",USD
MSFT,2025-03-13,IMPOSTO,mar/25,2025,IMPOSTO,Ação Internacional,"-0,25",USD
MSFT,2024-12-12,DIvidendo,dez/24,2024,DIvidendo,Ação Internacional,"0,83",USD
MSFT,2024-12-12,IMPOSTO,dez/24,2024,IMPOSTO,Ação Internacional,"-0,25",USD
MSFT,2024-09-12,DIvidendo,set/24,2024,DIvidendo,Ação Internacional,"0,75",USD
MSFT,2024-09-12,IMPOSTO,set/24,2024,IMPOSTO,Ação Internacional,"-0,23",USD
MSFT,2024-06-13,IMPOSTO,jun/24,2024,IMPOSTO,Ação Internacional,"-0,23",USD
MSFT,2024-06-13,DIvidendo,jun/24,2024,DIvidendo,Ação Internacional,"0,75",USD
MSFT,2026-06-11,IMPOSTO,jun./26,2026,IMPOSTO,Ação Internacional,"1,37",USD
MSFT,2026-06-11,Dividendo,jun./26,2026,Dividendo,Ação Internacional,"4,55",USD
NVDA,2026-04-01,IMPOSTO,abr/26,2026,IMPOSTO,Ação Internacional,"-0,05",USD
NVDA,2026-04-01,Dividendo,abr/26,2026,Dividendo,Ação Internacional,"0,17",USD
NVDA,2025-12-26,Dividendo,dez/25,2025,DIvidendo,Ação Internacional,"0,17",USD
NVDA,2025-12-26,IMPOSTO,dez/25,2025,IMPOSTO,Ação Internacional,"-0,05",USD
NVDA,2025-10-02,IMPOSTO,out/25,2025,IMPOSTO,Ação Internacional,"-0,05",USD
NVDA,2025-10-02,Dividendo,out/25,2025,DIvidendo,Ação Internacional,"0,17",USD
NVDA,2025-07-03,IMPOSTO,jul/25,2025,IMPOSTO,Ação Internacional,"-0,05",USD
NVDA,2025-07-03,Dividendo,jul/25,2025,DIvidendo,Ação Internacional,"0,17",USD
NVDA,2025-04-02,IMPOSTO,abr/25,2025,IMPOSTO,Ação Internacional,"-0,02",USD
NVDA,2025-04-02,Dividendo,abr/25,2025,DIvidendo,Ação Internacional,"0,06",USD
NVDA,2026-06-26,Dividendo,jun./26,2026,Dividendo,Ação Internacional,"4,25",USD
NVDA,2026-06-26,IMPOSTO,jun./26,2026,IMPOSTO,Ação Internacional,"1,28",USD
QQQ,2026-03-27,Dividendo,mar/26,2026,Dividendo,Ação Internacional,"0,73",USD
QQQ,2026-03-27,IMPOSTO,mar/26,2026,IMPOSTO,Ação Internacional,"-0,22",USD
QQQ,2025-12-31,IMPOSTO,dez/25,2025,IMPOSTO,Ação Internacional,"-0,24",USD
QQQ,2025-12-31,Dividendo,dez/25,2025,Dividendo,Ação Internacional,"0,79",USD
QQQ,2025-10-31,Dividendo,out/25,2025,DIvidendo,Ação Internacional,"0,69",USD
QQQ,2025-10-31,IMPOSTO,out/25,2025,IMPOSTO,Ação Internacional,"-0,21",USD
QQQ,2025-07-31,IMPOSTO,jul/25,2025,IMPOSTO,Ação Internacional,"-0,18",USD
QQQ,2025-07-31,Dividendo,jul/25,2025,DIvidendo,Ação Internacional,"0,59",USD
QQQ,2025-04-30,IMPOSTO,abr/25,2025,IMPOSTO,Ação Internacional,"-0,22",USD
QQQ,2025-04-30,Dividendo,abr/25,2025,DIvidendo,Ação Internacional,"0,72",USD
TAEE11.SA,2025-01-29,DIvidendo,jan/25,2025,JUROS S/ CAPITAL,Ação,34,BRL
TAEE11.SA,2025-01-29,DIvidendo,jan/25,2025,DIvidendo,Ação,"26,9",BRL
TAEE11.SA,2024-11-27,DIvidendo,nov/24,2024,DIvidendo,Ação,"30,5",BRL
TAEE11.SA,2024-11-27,DIvidendo,nov/24,2024,JUROS S/ CAPITAL,Ação,"29,16",BRL
TAEE11.SA,2024-06-27,DIvidendo,jun/24,2024,JUROS S/ CAPITAL,Ação,"35,75",BRL
TAEE11.SA,2024-05-16,DIvidendo,mai/24,2024,DIvidendo,Ação,"113,29",BRL
TAEE11.SA,2024-01-16,DIvidendo,jan/24,2024,DIvidendo,Ação,"66,18",BRL
TAEE11.SA,2023-12-15,DIvidendo,dez/23,2023,JUROS S/ CAPITAL,Ação,"49,47",BRL
TAEE11.SA,2023-12-15,DIvidendo,dez/23,2023,DIvidendo,Ação,"1,18",BRL
TAEE11.SA,2023-08-29,DIvidendo,ago/23,2023,DIvidendo,Ação,"28,21",BRL
TAEE11.SA,2023-08-29,DIvidendo,ago/23,2023,JUROS S/ CAPITAL,Ação,"53,36",BRL
TAEE11.SA,2023-08-29,DIvidendo,ago/23,2023,DIvidendo,Ação,"7,56",BRL
SHV,2026-05-06,IMPOSTO,mai/26,2026,IMPOSTO,Ação Internacional,"-2,75",USD
SHV,2026-05-06,Dividendo,mai/26,2026,Dividendo,Ação Internacional,"9,18",USD
SHV,2026-04-07,Dividendo,abr/26,2026,Dividendo,Ação Internacional,"9,07",USD
SHV,2026-04-07,IMPOSTO,abr/26,2026,IMPOSTO,Ação Internacional,"-2,72",USD
SHV,2026-03-05,Dividendo,mar/26,2026,Dividendo,Ação Internacional,"8,52",USD
SHV,2026-03-05,IMPOSTO,mar/26,2026,IMPOSTO,Ação Internacional,"-2,56",USD
SHV,2026-06-04,Dividendo,jun./26,2026,Dividendo,Ação Internacional,"9,27",USD
SHV,2026-06-04,IMPOSTO,jun./26,2026,IMPOSTO,Ação Internacional,"2,78",USD
VALE3.SA,2025-09-03,DIvidendo,set/25,2025,JUROS S/ CAPITAL,Ação,"161,11",BRL
VALE3.SA,2025-03-14,DIvidendo,mar/25,2025,DIvidendo,Ação,"214,18",BRL
VALE3.SA,2025-03-14,DIvidendo,mar/25,2025,JUROS S/ CAPITAL,Ação,"44,25",BRL
VALE3.SA,2024-09-04,DIvidendo,set/24,2024,JUROS S/ CAPITAL,Ação,"177,97",BRL
VALE3.SA,2024-03-19,DIvidendo,mar/24,2024,DIvidendo,Ação,"273,85",BRL
VALE3.SA,2023-12-01,DIvidendo,dez/23,2023,DIvidendo,Ação,"221,67",BRL
VALE3.SA,2023-09-01,DIvidendo,set/23,2023,DIvidendo,Ação,"163,07",BRL
SPY,2026-04-30,IMPOSTO,abr/26,2026,IMPOSTO,Ação Internacional,"-1,62",USD
SPY,2026-04-30,Dividendo,abr/26,2026,Dividendo,Ação Internacional,"5,39",USD
SPY,2026-01-30,IMPOSTO,jan/26,2026,IMPOSTO,Ação Internacional,"-1,2",USD
SPY,2026-01-30,Dividendo,jan/26,2026,Dividendo,Ação Internacional,"3,99",USD
SPY,2025-10-31,Dividendo,out/25,2025,DIvidendo,Ação Internacional,"3,66",USD
SPY,2025-10-31,IMPOSTO,out/25,2025,IMPOSTO,Ação Internacional,"-1,1",USD
SPY,2025-07-31,Dividendo,jul/25,2025,DIvidendo,Ação Internacional,"3,52",USD
SPY,2025-07-31,IMPOSTO,jul/25,2025,IMPOSTO,Ação Internacional,"-1,06",USD
TSM,2026-04-09,Dividendo,abr/26,2026,Dividendo,Ação Internacional,"2,82",USD
TSM,2026-04-09,IMPOSTO,abr/26,2026,IMPOSTO,Ação Internacional,"-0,59",USD
XPML11.SA,2024-09-25,DIvidendo,set/24,2024,DIvidendo,Fii,"41,4",BRL
XPML11.SA,2024-08-23,DIvidendo,ago/24,2024,DIvidendo,Fii,"41,4",BRL
XPML11.SA,2024-07-25,DIvidendo,jul/24,2024,DIvidendo,Fii,"41,4",BRL
XPML11.SA,2024-06-25,DIvidendo,jun/24,2024,DIvidendo,Fii,"41,4",BRL
XPML11.SA,2024-05-24,DIvidendo,mai/24,2024,DIvidendo,Fii,"41,4",BRL
TSM,2026-01-08,Dividendo,jan/26,2026,Dividendo,Ação Internacional,"2,39",USD
TSM,2026-01-08,IMPOSTO,jan/26,2026,IMPOSTO,Ação Internacional,"-0,5",USD
TSM,2025-10-09,IMPOSTO,out/25,2025,IMPOSTO,Ação Internacional,"-0,52",USD
TSM,2025-10-09,Dividendo,out/25,2025,DIvidendo,Ação Internacional,"2,47",USD
TSM,2025-07-10,IMPOSTO,jul/25,2025,IMPOSTO,Ação Internacional,"-0,49",USD
TSM,2025-07-10,Dividendo,jul/25,2025,DIvidendo,Ação Internacional,"2,34",USD
VRSN,2026-02-27,IMPOSTO,fev/26,2026,IMPOSTO,Ação Internacional,"-0,24",USD
VRSN,2026-02-27,Dividendo,fev/26,2026,Dividendo,Ação Internacional,"0,81",USD
VRSN,2025-11-25,IMPOSTO,nov/25,2025,IMPOSTO,Ação Internacional,"-0,23",USD
VRSN,2025-11-25,Dividendo,nov/25,2025,DIvidendo,Ação Internacional,"0,77",USD
VRSN,2025-08-27,IMPOSTO,ago/25,2025,IMPOSTO,Ação Internacional,"-0,23",USD
VRSN,2025-08-27,Dividendo,ago/25,2025,DIvidendo,Ação Internacional,"0,77",USD
VRSN,2025-05-28,IMPOSTO,mai/25,2025,IMPOSTO,Ação Internacional,"-0,23",USD
VRSN,2025-05-28,Dividendo,mai/25,2025,DIvidendo,Ação Internacional,"0,77",USD
VRSN,2026-05-27,Dividendo,mai./26,2026,Dividendo,Ação Internacional,"0,81",USD
VRSN,2026-05-27,IMPOSTO,mai./26,2026,IMPOSTO,Ação Internacional,"0,24",USD
ITUB4.SA,01/07/2026,Dividendo,46229,2026,JCP,Ações Brasil,"2,16",BRL
CMIG4.SA,46203,Dividendo,46199,2026,JCP,Ações Brasil,"39,25",BRL
CMIG4.SA,46203,Dividendo,46199,2026,Dividendo,Ações Brasil,"46,08",BRL
CMIG4.SA,46203,Dividendo,46199,2026,JCP,Ações Brasil,"35,04",BRL
CMIG4.SA,46203,Dividendo,46199,2026,JCP,Ações Brasil,"34,57",BRL
CMIG4.SA,46203,Dividendo,46199,2026,JCP,Ações Brasil,"31,34",BRL
TSM,46213,IMPOSTO,46229,2026,IMPOSTO,Ação Internacional,"0,59",USD
QQQ,46213,IMPOSTO,46229,2026,IMPOSTO,Ação Internacional,"0,24",USD
TSM,46213,Dividendo,46229,2026,Dividendo,Ação Internacional,"2,82",USD
QQQ,46213,Dividendo,46229,2026,Dividendo,Ação Internacional,"0,81",USD
KNCR11.SA,46216,Dividendo,46229,2026,Dividendo,FIIs,"116,6",BRL
DPM.TO,46223,IMPOSTO,46229,2026,IMPOSTO,Ação Internacional,"0,4",CAD
DPM.TO,46223,Dividendo,46229,2026,Dividendo,Ação Internacional,"1,59",CAD
SPY,46234,IMPOSTO,46229,2026,IMPOSTO,Ação Internacional,"1,71",USD
SPY,46234,Dividendo,46229,2026,Dividendo,Ação Internacional,"5,71",USD
ASML.AS,46240,IMPOSTO,46260,2026,IMPOSTO,Ação Internacional,"0,28",EUR
ASML.AS,46240,Dividendo,46260,2026,Dividendo,Ação Internacional,"1,88",EUR
ITUB4.SA,46237,Dividendo,46260,2026,JCP,Ações Brasil,"2,16",BRL
KNCR11.SA,46247,Dividendo,46260,2026,Dividendo,FIIs,"132,5",BRL
VRSN,46261,IMPOSTO,46260,2026,IMPOSTO,Ação Internacional,"0,24",USD
VRSN,46261,Dividendo,46260,2026,Dividendo,Ação Internacional,"0,81",USD