pais,emissor,denominacao,assunto,krause,ano,marca,graduacao,valor_brl,composicao,peso_metal_g,derretimento_brl,foto_anverso,foto_reverso,nota,serie
Brasil,Brasil,1 real,"XXXI Jogos Olímpicos de Verão, Rio de Janeiro 2016 - Boxe",KM# 724,2016,Sem marca da casa da moeda,AU,6.8,"Bimetálica: centro de Aço inoxidável, anel de Aço com revestimento de Bronze",,,https://static.coinidentifierai.com/app/prod/recognize/subject_side/514027894/1784006180-316952108931.webp,https://static.coinidentifierai.com/app/prod/recognize/denomination_side/514027894/1784006178-645252851330.webp,,Minhas Moedas
Brasil,Brasil,1 real,XXXI Jogos Olímpicos de Verão - Rio de Janeiro 2016 - Voleibol,KM# 709,2015,Sem marca da casa da moeda,AU,7.05,"Bimetálica: centro de Aço inoxidável, anel de Aço com revestimento de Bronze",,,https://static.coinidentifierai.com/app/prod/recognize/subject_side/514027894/1784006157-503532251727.webp,https://static.coinidentifierai.com/app/prod/recognize/denomination_side/514027894/1784006156-014398986526.webp,,Minhas Moedas
Brasil,Brasil,1 real,"XXXI Jogos Olímpicos de Verão, Rio de Janeiro 2016 - Futebol",KM# 708,2015,Sem marca da casa da moeda,AU,6.03,"Bimetálica: centro de Aço inoxidável, anel de Aço com revestimento de Bronze",,,https://static.coinidentifierai.com/app/prod/recognize/subject_side/514027894/1784006136-72407331123.webp,https://static.coinidentifierai.com/app/prod/recognize/denomination_side/514027894/1784006135-21846672622.webp,,Minhas Moedas
Brasil,Brasil,1 real,"XXXI Jogos Olímpicos de Verão, Rio de Janeiro 2016 - Mascote olímpico Vinícius",KM# 726,2016,Sem marca da casa da moeda,AU,7.05,"Bimetálica: centro de Aço inoxidável, anel de Aço com revestimento de Bronze",,,https://static.coinidentifierai.com/app/prod/recognize/subject_side/514027894/1784006116-421068143819.webp,https://static.coinidentifierai.com/app/prod/recognize/denomination_side/514027894/1784006114-9725351523218.webp,,Minhas Moedas
Brasil,Brasil,1 real,"XXXI Jogos Olímpicos de Verão, Rio de Janeiro 2016 - Rúgbi",KM# 707,2015,Sem marca da casa da moeda,AU,7.67,"Bimetálica: centro de Aço inoxidável, anel de Aço com revestimento de Bronze",,,https://static.coinidentifierai.com/app/prod/recognize/subject_side/514027894/1784006086-09143704215.webp,https://static.coinidentifierai.com/app/prod/recognize/denomination_side/514027894/1784006084-817064553314.webp,,Minhas Moedas
Brasil,Brasil,50 centavos,Séries comuns,KM# 651a,2007,Sem marca da casa da moeda,AU,1.99,Aço inoxidável,,,https://static.coinidentifierai.com/app/prod/recognize/subject_side/514027894/1784006065-4115791805511.webp,https://static.coinidentifierai.com/app/prod/recognize/denomination_side/514027894/1784006063-862379423510.webp,,Minhas Moedas
Brasil,Brasil,10 centavos,Séries comuns,KM# 633,1994,Sem marca da casa da moeda,AU,1.28,Aço inoxidável,,,https://static.coinidentifierai.com/app/prod/recognize/subject_side/514027894/1784006042-10809750877.webp,https://static.coinidentifierai.com/app/prod/recognize/denomination_side/514027894/1784006040-81070966546.webp,,Minhas Moedas
Brasil,Brasil,10 centavos,50º Aniversário da FAO - Alimentos para o Mundo,KM# 641,1995,Sem marca da casa da moeda,AU,134.58,Aço inoxidável,,,https://static.coinidentifierai.com/app/prod/recognize/subject_side/514027894/1784005993-883299822323.webp,https://static.coinidentifierai.com/app/prod/recognize/denomination_side/514027894/1784005991-86229622962.webp,,Minhas Moedas
Brasil,Brasil,1 real,Séries comuns,KM# 652,1998,Sem marca da casa da moeda,AU,6.24,"Bimetálica: centro de Cupro-Níquel, anel de Latão",,,https://static.coinidentifierai.com/app/prod/recognize/subject_side/514027894/1784005853-9286799763123.webp,https://static.coinidentifierai.com/app/prod/recognize/denomination_side/514027894/1784005852-1498383914122.webp,,Minhas Moedas
Brasil,Brasil,1 real,"XXXI Jogos Olímpicos de Verão, Rio de Janeiro 2016 - Judô",KM# 711,2015,Sem marca da casa da moeda,AU,7.46,"Bimetálica: centro de Aço inoxidável, anel de Aço com revestimento de Bronze",,,https://static.coinidentifierai.com/app/prod/recognize/subject_side/514027894/1784005802-2264598388119.webp,https://static.coinidentifierai.com/app/prod/recognize/denomination_side/514027894/1784005800-69220113716118.webp,,Minhas Moedas
Brasil,Brasil,1 real,"XXXI Jogos Olímpicos de Verão, Rio de Janeiro 2016 - Futebol",KM# 708,2015,Sem marca da casa da moeda,AU,6.03,"Bimetálica: centro de Aço inoxidável, anel de Aço com revestimento de Bronze",,,https://static.coinidentifierai.com/app/prod/recognize/subject_side/514027894/1784005765-7950752087115.webp,https://static.coinidentifierai.com/app/prod/recognize/denomination_side/514027894/1784005764-0393979859114.webp,,Minhas Moedas
Brasil,Brasil,1 real,Séries comuns,KM# 652a,2019,Sem marca da casa da moeda,AU,1.58,"Bimetálica: centro de Aço inoxidável, anel de Aço com revestimento de Bronze",,,https://static.coinidentifierai.com/app/prod/recognize/subject_side/514027894/1784005723-0675074931111.webp,https://static.coinidentifierai.com/app/prod/recognize/denomination_side/514027894/1784005721-66652922066110.webp,,Minhas Moedas
Brasil,Brasil,1 real,"XXXI Jogos Olímpicos de Verão, Rio de Janeiro 2016 - Vela",KM# 705,2015,Sem marca da casa da moeda,AU,7.87,"Bimetálica: centro de Aço inoxidável, anel de Aço com revestimento de Bronze",,,https://static.coinidentifierai.com/app/prod/recognize/subject_side/514027894/1784005687-0353527700107.webp,https://static.coinidentifierai.com/app/prod/recognize/denomination_side/514027894/1784005685-48296212848106.webp,,Minhas Moedas
Brasil,Brasil,1 real,"XV Jogos Paralímpicos de Verão, Rio de Janeiro 2016 - Triatlo paralímpico",KM# 689,2014,Sem marca da casa da moeda,AU,6.13,"Bimetálica: centro de Aço inoxidável, anel de Aço com revestimento de Bronze",,,https://static.coinidentifierai.com/app/prod/recognize/subject_side/514027894/1784005647-9229977368103.webp,https://static.coinidentifierai.com/app/prod/recognize/denomination_side/514027894/1784005645-90514186338102.webp,,Minhas Moedas
Brasil,Brasil,1 real,50º Aniversário - Banco Central,KM# 723,2015,Sem marca da casa da moeda,AU,7.31,"Bimetálica: centro de Aço inoxidável, anel de Aço com revestimento de Bronze",,,https://static.coinidentifierai.com/app/prod/recognize/subject_side/514027894/1784005624-705667528999.webp,https://static.coinidentifierai.com/app/prod/recognize/denomination_side/514027894/1784005623-16610941398.webp,,Minhas Moedas
Brasil,Brasil,1 real,40 anos do Banco Central,KM# 668,2005,Sem marca da casa da moeda,AU,17.07,"Bimetálica: centro de Aço inoxidável, anel de Aço com revestimento de Bronze",,,https://static.coinidentifierai.com/app/prod/recognize/subject_side/514027894/1784005604-641289752495.webp,https://static.coinidentifierai.com/app/prod/recognize/denomination_side/514027894/1784005602-507502648194.webp,,Minhas Moedas
Brasil,Brasil,1 real,"XXXI Jogos Olímpicos de Verão, Rio de Janeiro 2016 - Basquete",KM# 704,2015,Sem marca da casa da moeda,AU,7.56,"Bimetálica: centro de Aço inoxidável, anel de Aço com revestimento de Bronze",,,https://static.coinidentifierai.com/app/prod/recognize/subject_side/514027894/1784005119-3697228251791.webp,https://static.coinidentifierai.com/app/prod/recognize/denomination_side/514027894/1784005118-076129948090.webp,,Minhas Moedas
Brasil,Brasil,1 real,"XXXI Jogos Olímpicos de Verão, Rio de Janeiro 2016 - Judô",KM# 711,2015,Sem marca da casa da moeda,AU,7.46,"Bimetálica: centro de Aço inoxidável, anel de Aço com revestimento de Bronze",,,https://static.coinidentifierai.com/app/prod/recognize/subject_side/514027894/1784005082-0366611979987.webp,https://static.coinidentifierai.com/app/prod/recognize/denomination_side/514027894/1784005080-799434644486.webp,,Minhas Moedas
Brasil,Brasil,1 real,"XV Jogos Paralímpicos de Verão, Rio de Janeiro 2016 - Natação paralímpica",KM# 725,2016,Sem marca da casa da moeda,AU,7.1,"Bimetálica: centro de Aço inoxidável, anel de Aço com revestimento de Bronze",,,https://static.coinidentifierai.com/app/prod/recognize/subject_side/514027894/1784005061-9242911632883.webp,https://static.coinidentifierai.com/app/prod/recognize/denomination_side/514027894/1784005060-468039724182.webp,,Minhas Moedas
Brasil,Brasil,1 real,"XXXI Jogos Olímpicos de Verão, Rio de Janeiro 2016 - Mascote olímpico Vinícius",KM# 726,2016,Sem marca da casa da moeda,AU,7.05,"Bimetálica: centro de Aço inoxidável, anel de Aço com revestimento de Bronze",,,https://static.coinidentifierai.com/app/prod/recognize/subject_side/514027894/1784005038-641752161079.webp,https://static.coinidentifierai.com/app/prod/recognize/denomination_side/514027894/1784005037-110287649278.webp,,Minhas Moedas
Brasil,Brasil,1 real,Centenário do nascimento de Juscelino Kubitschek de Oliveira,KM# 656,2002,Sem marca da casa da moeda,AU,18.45,"Bimetálica: centro de Aço inoxidável, anel de Aço com revestimento de Bronze",,,https://static.coinidentifierai.com/app/prod/recognize/subject_side/514027894/1784005015-847248469675.webp,https://static.coinidentifierai.com/app/prod/recognize/denomination_side/514027894/1784005014-5559778737874.webp,,Minhas Moedas
Brasil,Brasil,1 real,"XXXI Jogos Olímpicos de Verão, Rio de Janeiro 2016 - Rúgbi",KM# 707,2015,Sem marca da casa da moeda,AU,7.67,"Bimetálica: centro de Aço inoxidável, anel de Aço com revestimento de Bronze",,,https://static.coinidentifierai.com/app/prod/recognize/subject_side/514027894/1784004979-721412381371.webp,https://static.coinidentifierai.com/app/prod/recognize/denomination_side/514027894/1784004978-397983652570.webp,,Minhas Moedas
Brasil,Brasil,1 real,"XV Jogos Paralímpicos de Verão, Rio de Janeiro 2016 - Triatlo paralímpico",KM# 689,2014,Sem marca da casa da moeda,AU,6.13,"Bimetálica: centro de Aço inoxidável, anel de Aço com revestimento de Bronze",,,https://static.coinidentifierai.com/app/prod/recognize/subject_side/514027894/1784004955-582629837667.webp,https://static.coinidentifierai.com/app/prod/recognize/denomination_side/514027894/1784004954-2331948789966.webp,,Minhas Moedas
Brasil,Brasil,1 real,"XV Jogos Paralímpicos de Verão, Rio de Janeiro 2016 - Canoagem paralímpica",KM# 706,2015,Sem marca da casa da moeda,AU,6.49,"Bimetálica: centro de Aço inoxidável, anel de Aço com revestimento de Bronze",,,https://static.coinidentifierai.com/app/prod/recognize/subject_side/514027894/1784004932-0657911284463.webp,https://static.coinidentifierai.com/app/prod/recognize/denomination_side/514027894/1784004930-714453925262.webp,,Minhas Moedas
Brasil,Brasil,1 real,Aniversário de 25 anos do Plano Real,,2019,Sem marca da casa da moeda,AU,6.64,"Bimetálica: centro de Aço inoxidável, anel de Aço com revestimento de Bronze",,,https://static.coinidentifierai.com/app/prod/recognize/subject_side/514027894/1784004911-9672132805659.webp,https://static.coinidentifierai.com/app/prod/recognize/denomination_side/514027894/1784004910-56169414658.webp,,Minhas Moedas
Brasil,Brasil,1 real,"XXXI Jogos Olímpicos de Verão, Rio de Janeiro 2016 - Boxe",KM# 724,2016,Sem marca da casa da moeda,AU,6.8,"Bimetálica: centro de Aço inoxidável, anel de Aço com revestimento de Bronze",,,https://static.coinidentifierai.com/app/prod/recognize/subject_side/514027894/1784004885-32882779755.webp,https://static.coinidentifierai.com/app/prod/recognize/denomination_side/514027894/1784004883-856976180554.webp,,Minhas Moedas
Brasil,Brasil,1 real,Centenário do nascimento de Juscelino Kubitschek de Oliveira,KM# 656,2002,Sem marca da casa da moeda,AU,18.45,"Bimetálica: centro de Aço inoxidável, anel de Aço com revestimento de Bronze",,,https://static.coinidentifierai.com/app/prod/recognize/subject_side/514027894/1784004858-9216099865351.webp,https://static.coinidentifierai.com/app/prod/recognize/denomination_side/514027894/1784004857-281032746250.webp,,Minhas Moedas
Brasil,Brasil,1 real,XXXI Jogos Olímpicos de Verão - Rio de Janeiro 2016 - Voleibol,KM# 709,2015,Sem marca da casa da moeda,AU,7.05,"Bimetálica: centro de Aço inoxidável, anel de Aço com revestimento de Bronze",,,https://static.coinidentifierai.com/app/prod/recognize/subject_side/514027894/1784004838-7749257847.webp,https://static.coinidentifierai.com/app/prod/recognize/denomination_side/514027894/1784004836-170474292446.webp,,Minhas Moedas
Brasil,Brasil,1 real,"XV Jogos Paralímpicos de Verão, Rio de Janeiro 2016 - Canoagem paralímpica",KM# 706,2015,Sem marca da casa da moeda,AU,6.49,"Bimetálica: centro de Aço inoxidável, anel de Aço com revestimento de Bronze",,,https://static.coinidentifierai.com/app/prod/recognize/subject_side/514027894/1784004751-1466842822443.webp,https://static.coinidentifierai.com/app/prod/recognize/denomination_side/514027894/1784004749-789514858942.webp,,Minhas Moedas
Brasil,Brasil,1 real,"XXXI Jogos Olímpicos de Verão, Rio de Janeiro 2016 - Natação",KM# 688,2014,Sem marca da casa da moeda,AU,7,"Bimetálica: centro de Aço inoxidável, anel de Aço com revestimento de Bronze",,,https://static.coinidentifierai.com/app/prod/recognize/subject_side/514027894/1784004707-4657269519039.webp,https://static.coinidentifierai.com/app/prod/recognize/denomination_side/514027894/1784004706-11669133038.webp,,Minhas Moedas
Brasil,Brasil,1 real,"XV Jogos Paralímpicos de Verão, Rio de Janeiro 2016 - Mascote paralímpico Tom",KM# 727,2016,Sem marca da casa da moeda,AU,6.34,"Bimetálica: centro de Aço inoxidável, anel de Aço com revestimento de Bronze",,,https://static.coinidentifierai.com/app/prod/recognize/subject_side/514027894/1784004662-656972701335.webp,https://static.coinidentifierai.com/app/prod/recognize/denomination_side/514027894/1784004661-14716186234.webp,,Minhas Moedas
Brasil,Brasil,1 real,"XXXI Jogos Olímpicos de Verão, Rio de Janeiro 2016 - Atletismo",KM# 687,2014,Sem marca da casa da moeda,AU,6.44,"Bimetálica: centro de Aço inoxidável, anel de Aço com revestimento de Bronze",,,https://static.coinidentifierai.com/app/prod/recognize/subject_side/514027894/1784004619-511203348431.webp,https://static.coinidentifierai.com/app/prod/recognize/denomination_side/514027894/1784004617-9550672827930.webp,,Minhas Moedas
Brasil,Brasil,1 real,50º Aniversário - Banco Central,KM# 723,2015,Sem marca da casa da moeda,AU,7.31,"Bimetálica: centro de Aço inoxidável, anel de Aço com revestimento de Bronze",,,https://static.coinidentifierai.com/app/prod/recognize/subject_side/514027894/1784004577-429332215127.webp,https://static.coinidentifierai.com/app/prod/recognize/denomination_side/514027894/1784004575-870981628726.webp,,Minhas Moedas
Brasil,Brasil,1 real,"XXXI Jogos Olímpicos de Verão, Rio de Janeiro 2016 - Vela",KM# 705,2015,Sem marca da casa da moeda,AU,7.87,"Bimetálica: centro de Aço inoxidável, anel de Aço com revestimento de Bronze",,,https://static.coinidentifierai.com/app/prod/recognize/subject_side/514027894/1784004554-22585104423.webp,https://static.coinidentifierai.com/app/prod/recognize/denomination_side/514027894/1784004552-602675331122.webp,,Minhas Moedas
Brasil,Brasil,1 real,"XXXI Jogos Olímpicos de Verão, Rio de Janeiro 2016 - Golfe",KM# 690,2014,Sem marca da casa da moeda,AU,7.16,"Bimetálica: centro de Aço inoxidável, anel de Aço com revestimento de Bronze",,,https://static.coinidentifierai.com/app/prod/recognize/subject_side/514027894/1784004527-83885339119.webp,https://static.coinidentifierai.com/app/prod/recognize/denomination_side/514027894/1784004526-119104880618.webp,,Minhas Moedas
Brasil,Brasil,1 real,"XV Jogos Paralímpicos de Verão, Rio de Janeiro 2016 - Atletismo paralímpico",KM# 710,2015,Sem marca da casa da moeda,AU,6.34,"Bimetálica: centro de Aço inoxidável, anel de Aço com revestimento de Bronze",,,https://static.coinidentifierai.com/app/prod/recognize/subject_side/514027894/1784004507-127118683615.webp,https://static.coinidentifierai.com/app/prod/recognize/denomination_side/514027894/1784004505-628382555814.webp,,Minhas Moedas
Brasil,Brasil,1 real,"XV Jogos Paralímpicos de Verão, Rio de Janeiro 2016 - Atletismo paralímpico",KM# 710,2015,Sem marca da casa da moeda,AU,6.34,"Bimetálica: centro de Aço inoxidável, anel de Aço com revestimento de Bronze",,,https://static.coinidentifierai.com/app/prod/recognize/subject_side/514027894/1784004482-766326576411.webp,https://static.coinidentifierai.com/app/prod/recognize/denomination_side/514027894/1784004481-488322220210.webp,,Minhas Moedas
Brasil,Brasil,50 cruzeiros reais,Séries comuns,KM# 629,1993,Sem marca da casa da moeda,AU,4.04,Aço inoxidável,,,https://static.coinidentifierai.com/app/prod/recognize/subject_side/514027894/1784004449-10786673337.webp,https://static.coinidentifierai.com/app/prod/recognize/denomination_side/514027894/1784004447-7236047376.webp,,Minhas Moedas
Brasil,Brasil,10 cruzeiros,Séries comuns,KM# 572,1965,Sem marca da casa da moeda,AU,5.52,Alumínio,,,https://static.coinidentifierai.com/app/prod/recognize/subject_side/514027894/1784004423-85878351093.webp,https://static.coinidentifierai.com/app/prod/recognize/denomination_side/514027894/1784004421-378265995212.webp,,Minhas Moedas
Hungria,Hungria,100 florins,Séries comuns,KM# 721,1996,BP,XF,2.15,"Bimetálica: centro de Aço com revestimento de Latão, anel de Aço inoxidável",,,https://static.coinidentifierai.com/app/prod/recognize/subject_side/514027894/1783999117-420753114939.webp,https://static.coinidentifierai.com/app/prod/recognize/denomination_side/514027894/1783999116-087282193438.webp,,Minhas Moedas
Brasil,Brasil,100 reis,Séries comuns,KM# 492,1889,Sem marca da casa da moeda,AU,10.94,Cupro-Níquel,,,https://static.coinidentifierai.com/app/prod/recognize/subject_side/514027894/1783999089-695262637135.webp,https://static.coinidentifierai.com/app/prod/recognize/denomination_side/514027894/1783999087-8399448638234.webp,,Minhas Moedas
Brasil,Brasil,1 real,40 anos do Banco Central,KM# 668,2005,Sem marca da casa da moeda,AU,17.07,"Bimetálica: centro de Aço inoxidável, anel de Aço com revestimento de Bronze",,,https://static.coinidentifierai.com/app/prod/recognize/subject_side/514027894/1783999006-929837922531.webp,https://static.coinidentifierai.com/app/prod/recognize/denomination_side/514027894/1783999005-4716191477730.webp,,Minhas Moedas
Brasil,Brasil,1 real,"XXXI Jogos Olímpicos de Verão, Rio de Janeiro 2016 - Natação",KM# 688,2014,Sem marca da casa da moeda,AU,7,"Bimetálica: centro de Aço inoxidável, anel de Aço com revestimento de Bronze",,,https://static.coinidentifierai.com/app/prod/recognize/subject_side/514027894/1783998969-025281995627.webp,https://static.coinidentifierai.com/app/prod/recognize/denomination_side/514027894/1783998967-7064319673026.webp,,Minhas Moedas
Brasil,Brasil,1 real,"XXXI Jogos Olímpicos de Verão, Rio de Janeiro 2016 - Golfe",KM# 690,2014,Sem marca da casa da moeda,AU,7.16,"Bimetálica: centro de Aço inoxidável, anel de Aço com revestimento de Bronze",,,https://static.coinidentifierai.com/app/prod/recognize/subject_side/514027894/1783998931-584382540923.webp,https://static.coinidentifierai.com/app/prod/recognize/denomination_side/514027894/1783998929-835986198422.webp,,Minhas Moedas
Brasil,Brasil,1 real,Séries comuns,KM# 652,1998,Sem marca da casa da moeda,AU,6.24,"Bimetálica: centro de Cupro-Níquel, anel de Latão",,,https://static.coinidentifierai.com/app/prod/recognize/subject_side/514027894/1783998890-009708767319.webp,https://static.coinidentifierai.com/app/prod/recognize/denomination_side/514027894/1783998888-6895409422318.webp,,Minhas Moedas
Brasil,Brasil,1 real,"XXXI Jogos Olímpicos de Verão, Rio de Janeiro 2016 - Atletismo",KM# 687,2014,Sem marca da casa da moeda,AU,6.44,"Bimetálica: centro de Aço inoxidável, anel de Aço com revestimento de Bronze",,,https://static.coinidentifierai.com/app/prod/recognize/subject_side/514027894/1783998855-989125811315.webp,https://static.coinidentifierai.com/app/prod/recognize/denomination_side/514027894/1783998854-129736221614.webp,,Minhas Moedas
Brasil,Brasil,1 real,"XXXI Jogos Olímpicos de Verão, Rio de Janeiro 2016 - Basquete",KM# 704,2015,Sem marca da casa da moeda,AU,7.56,"Bimetálica: centro de Aço inoxidável, anel de Aço com revestimento de Bronze",,,https://static.coinidentifierai.com/app/prod/recognize/subject_side/514027894/1783998827-2874079790211.webp,https://static.coinidentifierai.com/app/prod/recognize/denomination_side/514027894/1783998824-304682848610.webp,,Minhas Moedas
Brasil,Brasil,1 real,50º Aniversário da Declaração dos Direitos Humanos,KM# 653,1998,Sem marca da casa da moeda,XF,240.24,"Bimetálica: centro de Cupro-Níquel, anel de Latão",,,https://static.coinidentifierai.com/app/prod/recognize/subject_side/514027894/1783998691-116469968997.webp,https://static.coinidentifierai.com/app/prod/recognize/denomination_side/514027894/1783998689-23933683796.webp,,Minhas Moedas
Alemanha,Alemanha - Terceiro Reich,2 reichsmark,Séries comuns,KM# 93,1937,A,XF,58.42,Prata 0.625,5,47.79,https://static.coinidentifierai.com/app/prod/recognize/subject_side/514027894/1783998661-93216096383.webp,https://static.coinidentifierai.com/app/prod/recognize/denomination_side/514027894/1783998659-82466964262.webp,,Minhas Moedas
Brasil,Brasil,200 reis,Séries comuns,KM# 519,1920,Sem marca da casa da moeda,VF,6.39,Cupro-Níquel,,,https://static.coinidentifierai.com/app/prod/recognize/subject_side/514027894/1783914054-811499482059.webp,https://static.coinidentifierai.com/app/prod/recognize/denomination_side/514027894/1783914052-351682965158.webp,,Minhas Moedas
Brasil,Brasil,300 reis,Séries comuns,KM# 538,1937,Sem marca da casa da moeda,XF,5.78,Cupro-Níquel,,,https://static.coinidentifierai.com/app/prod/recognize/subject_side/514027894/1783914031-221129285655.webp,https://static.coinidentifierai.com/app/prod/recognize/denomination_side/514027894/1783914029-787036745653.webp,,Minhas Moedas
Brasil,Brasil,400 reis,Séries comuns,KM# 505,1901,Sem marca da casa da moeda,F,10.68,Cupro-Níquel,,,https://static.coinidentifierai.com/app/prod/recognize/subject_side/514027894/1783913998-5296888970251.webp,https://static.coinidentifierai.com/app/prod/recognize/denomination_side/514027894/1783913996-7190452520050.webp,,Minhas Moedas
Rússia,Rússia,1 Rublo da Sorte,,,,Felicidade e Saúde,UNC,17.89,Metal de base banhado a prata,,,https://static.coinidentifierai.com/app/prod/recognize/subject_side/514027894/1783913845-760171334047.webp,https://static.coinidentifierai.com/app/prod/recognize/denomination_side/514027894/1783913842-91550968946.webp,,Minhas Moedas
Cuba,Cuba,5 centavos,Séries comuns,KM# 34,1968,Sem marca da casa da moeda,VF,2.25,Alumínio,,,https://static.coinidentifierai.com/app/prod/recognize/subject_side/514027894/1783913780-591358786243.webp,https://static.coinidentifierai.com/app/prod/recognize/denomination_side/514027894/1783913777-957042478042.webp,,Minhas Moedas
Japão,Japão,5 ienes,Séries comuns,,1972,Sem marca da casa da moeda,AU,1.28,Latão,,,https://static.coinidentifierai.com/app/prod/recognize/subject_side/514027894/1783913720-2738008352939.webp,https://static.coinidentifierai.com/app/prod/recognize/denomination_side/514027894/1783913717-164357964737.webp,,Minhas Moedas
Brasil,Brasil,400 reis,Séries comuns,KM# 505,1901,Sem marca da casa da moeda,VG,10.68,Cupro-Níquel,,,https://static.coinidentifierai.com/app/prod/recognize/subject_side/514027894/1783913598-3055883935.webp,https://static.coinidentifierai.com/app/prod/recognize/denomination_side/514027894/1783913595-81531685534.webp,,Minhas Moedas
Suíça,Suíça,2 francos,Série comum,,1994,B,AU,13.14,Cupro-Níquel,,,https://static.coinidentifierai.com/app/prod/recognize/subject_side/514027894/1783913554-80966315631.webp,https://static.coinidentifierai.com/app/prod/recognize/denomination_side/514027894/1783913552-580906568230.webp,,Minhas Moedas
Brasil,Brasil,25 centavos,50º Aniversário da FAO - Alimentos para o Mundo,KM# 642,1995,Sem marca da casa da moeda,XF,57.25,Aço inoxidável,,,https://static.coinidentifierai.com/app/prod/recognize/subject_side/514027894/1783913529-848599935227.webp,https://static.coinidentifierai.com/app/prod/recognize/denomination_side/514027894/1783913518-916301614726.webp,,Minhas Moedas
Canadá,Canadá,10 cêntimos,Séries comuns,KM# 492,2007,folha,AU,1.89,Aço com revestimento de Níquel,,,https://static.coinidentifierai.com/app/prod/recognize/subject_side/514027894/1783913443-152432731723.webp,https://static.coinidentifierai.com/app/prod/recognize/denomination_side/514027894/1783913441-330144986322.webp,,Minhas Moedas
Canadá,Canadá,5 cêntimos,Séries comuns,,2007,folha,AU,1.07,Aço com revestimento de Níquel,,,https://static.coinidentifierai.com/app/prod/recognize/subject_side/514027894/1783913420-0794802994519.webp,https://static.coinidentifierai.com/app/prod/recognize/denomination_side/514027894/1783913418-62503757818.webp,,Minhas Moedas
Canadá,Canadá,1 dólar,Séries comuns,KM# 495,2007,Sem marca da casa da moeda,AU,7.62,Níquel com revestimento de Bronze,,,https://static.coinidentifierai.com/app/prod/recognize/subject_side/514027894/1783913400-3048902346615.webp,https://static.coinidentifierai.com/app/prod/recognize/denomination_side/514027894/1783913398-988493470714.webp,,Minhas Moedas
Canadá,Canadá,1 cêntimo,Séries comuns,,2007,Folha Copper plated Steel,XF,0.82,Aço com revestimento de Cobre,,,https://static.coinidentifierai.com/app/prod/recognize/subject_side/514027894/1783913377-97024765611.webp,https://static.coinidentifierai.com/app/prod/recognize/denomination_side/514027894/1783913375-947794100910.webp,,Minhas Moedas
Brasil,Brasil,1 real,Séries comuns,KM# 636,1994,Sem marca da casa da moeda,AU,2.76,Aço inoxidável,,,https://static.coinidentifierai.com/app/prod/recognize/subject_side/514027894/1783913166-95317419817.webp,https://static.coinidentifierai.com/app/prod/recognize/denomination_side/514027894/1783913165-5554930986.webp,,Minhas Moedas
Colômbia,Colômbia,500 pesos,Séries comuns,KM# 286,2008,Sem marca da casa da moeda,XF,2.4,"Bimetálica: centro de Alumínio-Bronze, anel de Cupro-Níquel",,,https://static.coinidentifierai.com/app/prod/recognize/subject_side/514027894/1783913129-58211725643.webp,https://static.coinidentifierai.com/app/prod/recognize/denomination_side/514027894/1783913125-91824644542.webp,,Minhas Moedas
Brasil,Brasil,400 reis,Séries comuns,KM# 539,1937,Sem marca da casa da moeda,AG,18.86,Cupro-Níquel,,,https://static.coinidentifierai.com/app/prod/recognize/subject_side/514027894/1783911117-9886189765291.webp,https://static.coinidentifierai.com/app/prod/recognize/denomination_side/514027894/1783911116-495655413190.webp,,Minhas Moedas
Brasil,Brasil,1000 reis,Séries comuns,KM# 525,1927,Sem marca da casa da moeda,P,7.77,Alumínio-Bronze,,,https://static.coinidentifierai.com/app/prod/recognize/subject_side/514027894/1783911077-63769613787.webp,https://static.coinidentifierai.com/app/prod/recognize/denomination_side/514027894/1783911075-993464964986.webp,,Minhas Moedas
Brasil,Brasil,1 real,"Entrega da bandeira olímpica, Rio 2016",KM# 679,2012,Sem marca da casa da moeda,XF,124.67,"Bimetálica: centro de Aço inoxidável, anel de Aço com revestimento de Bronze",,,https://static.coinidentifierai.com/app/prod/recognize/subject_side/514027894/1783910876-407364813783.webp,https://static.coinidentifierai.com/app/prod/recognize/denomination_side/514027894/1783910874-971029516382.webp,,Minhas Moedas
Brasil,Brasil,1 real,50º Aniversário da Declaração dos Direitos Humanos,KM# 653,1998,Sem marca da casa da moeda,XF,240.24,"Bimetálica: centro de Cupro-Níquel, anel de Latão",,,https://static.coinidentifierai.com/app/prod/recognize/subject_side/514027894/1783910660-495924468375.webp,https://static.coinidentifierai.com/app/prod/recognize/denomination_side/514027894/1783910658-176344638474.webp,,Minhas Moedas
Brasil,Brasil,1 real,"XV Jogos Paralímpicos de Verão, Rio de Janeiro 2016 - Mascote paralímpico Tom",KM# 727,2016,Sem marca da casa da moeda,AU,6.34,"Bimetálica: centro de Aço inoxidável, anel de Aço com revestimento de Bronze",,,https://static.coinidentifierai.com/app/prod/recognize/subject_side/514027894/1783910470-257607617167.webp,https://static.coinidentifierai.com/app/prod/recognize/denomination_side/514027894/1783910468-298984819866.webp,,Minhas Moedas
Brasil,Brasil,1 real,Aniversário de 25 anos do Plano Real,,2019,Sem marca da casa da moeda,AU,6.64,"Bimetálica: centro de Aço inoxidável, anel de Aço com revestimento de Bronze",,,https://static.coinidentifierai.com/app/prod/recognize/subject_side/514027894/1783910445-0879369296163.webp,https://static.coinidentifierai.com/app/prod/recognize/denomination_side/514027894/1783910443-5508971398562.webp,,Minhas Moedas
Brasil,Brasil,1 real,"XV Jogos Paralímpicos de Verão, Rio de Janeiro 2016 - Natação paralímpica",KM# 725,2016,Sem marca da casa da moeda,XF,7.1,"Bimetálica: centro de Aço inoxidável, anel de Aço com revestimento de Bronze",,,https://static.coinidentifierai.com/app/prod/recognize/subject_side/514027894/1783910418-583393746459.webp,https://static.coinidentifierai.com/app/prod/recognize/denomination_side/514027894/1783910415-46511683258.webp,,Minhas Moedas
França,França,10 cêntimos,Séries comuns,,1924,Cornucopia,AU,2.35,Cupro-Níquel,,,https://static.coinidentifierai.com/app/prod/recognize/subject_side/514027894/1783910376-0874228839055.webp,https://static.coinidentifierai.com/app/prod/recognize/denomination_side/514027894/1783910374-7148771708154.webp,,Minhas Moedas
Brasil,Brasil,1 cruzeiro,Sesquicentenário da Declaração de Independência,KM# 582,1972,Sem marca da casa da moeda,AU,10.58,Níquel,,,https://static.coinidentifierai.com/app/prod/recognize/subject_side/514027894/1783910336-612389977551.webp,https://static.coinidentifierai.com/app/prod/recognize/denomination_side/514027894/1783910335-28898262350.webp,,Minhas Moedas
Brasil,Brasil,200 reis,Séries comuns,KM# 493,1898,Sem marca da casa da moeda,VF,21.72,Cupro-Níquel,,,https://static.coinidentifierai.com/app/prod/recognize/subject_side/514027894/1783910243-799806483647.webp,https://static.coinidentifierai.com/app/prod/recognize/denomination_side/514027894/1783910242-309428549546.webp,,Minhas Moedas
Islândia,Islândia,10 coroas,Séries comuns,KM# 29.1a,2008,Sem marca da casa da moeda,XF,2.86,Aço com revestimento de Níquel,,,https://static.coinidentifierai.com/app/prod/recognize/subject_side/514027894/1783910221-5767632900843.webp,https://static.coinidentifierai.com/app/prod/recognize/denomination_side/514027894/1783910215-358675806242.webp,,Minhas Moedas
Estados Unidos da América,Estados Unidos da América,1 Tarifa,,,1995-2003,Cinco Pontas (Buraco Pentagonal),XF,11.5,Latão,,,https://static.coinidentifierai.com/app/prod/recognize/subject_side/514027894/1783910001-271799796435.webp,https://static.coinidentifierai.com/app/prod/recognize/denomination_side/514027894/1783909999-743401740434.webp,,Minhas Moedas
Brasil,Brasil,5000 reis,Séries comuns,KM# 543,1936,Sem marca da casa da moeda,XF,67.21,Prata 0.600,6,57.35,https://static.coinidentifierai.com/app/prod/recognize/subject_side/514027894/1783909966-092592836631.webp,https://static.coinidentifierai.com/app/prod/recognize/denomination_side/514027894/1783909961-666061741430.webp,,Minhas Moedas
Alemanha,Alemanha - Terceiro Reich,2 reichsmark,Séries comuns,KM# 93,1937,A,VF,47.79,Prata 0.625,5,47.79,https://static.coinidentifierai.com/app/prod/recognize/subject_side/514027894/1783909927-500341531527.webp,https://static.coinidentifierai.com/app/prod/recognize/denomination_side/514027894/1783909925-726536422726.webp,,Minhas Moedas
Brasil,Brasil,500 reis,Séries comuns,KM# 464,1860,Sem marca da casa da moeda,XF,55.92,Prata 0.917,5.85,55.92,https://static.coinidentifierai.com/app/prod/recognize/subject_side/514027894/1783909851-3250508563323.webp,https://static.coinidentifierai.com/app/prod/recognize/denomination_side/514027894/1783909848-605973321522.webp,,Minhas Moedas
Canadá,Canadá,50 cêntimos,Séries comuns,KM# 494,2007,folha,AU,8.43,Aço com revestimento de Níquel,,,https://static.coinidentifierai.com/app/prod/recognize/subject_side/514027894/1783909784-620679297419.webp,https://static.coinidentifierai.com/app/prod/recognize/denomination_side/514027894/1783909781-745545799318.webp,,Minhas Moedas
Canadá,Canadá,2 dólares,Séries comuns,KM# 837,2007,folha,AU,10.73,"Bimetálica: centro de Alumínio-Bronze, anel de Níquel",,,https://static.coinidentifierai.com/app/prod/recognize/subject_side/514027894/1783909758-3209991476415.webp,https://static.coinidentifierai.com/app/prod/recognize/denomination_side/514027894/1783909755-05774722214.webp,,Minhas Moedas
Canadá,Canadá,25 cêntimos,Oh! Canadá / folha de carvalho vermelha,KM# 640,2007,Sem marca da casa da moeda,MS,59.19,Aço com revestimento de Níquel,,,https://static.coinidentifierai.com/app/prod/recognize/subject_side/514027894/1783909715-215054732411.webp,https://static.coinidentifierai.com/app/prod/recognize/denomination_side/514027894/1783909710-773888954910.webp,,Minhas Moedas
Brasil,Brasil,1 cruzado novo,Centenário da República,KM# 615,1989,Sem marca da casa da moeda,AU,7.92,Aço inoxidável,,,https://static.coinidentifierai.com/app/prod/recognize/subject_side/514027894/1783909623-71267879477.webp,https://static.coinidentifierai.com/app/prod/recognize/denomination_side/514027894/1783909622-32809967036.webp,,Minhas Moedas
Brasil,Brasil,1 real,"Entrega da bandeira olímpica, Rio 2016",KM# 679,2012,Sem marca da casa da moeda,XF,124.67,"Bimetálica: centro de Aço inoxidável, anel de Aço com revestimento de Bronze",,,https://static.coinidentifierai.com/app/prod/recognize/subject_side/514027894/1783909574-71266638443.webp,https://static.coinidentifierai.com/app/prod/recognize/denomination_side/514027894/1783909572-91031421182.webp,,Minhas Moedas