chave,type_id,titulo,url,confianca,faixa_anos,ano_suspeito,atualizado_em
aruba|5 centimos|1998|km# 1,5589,5 Cents,https://pt.numista.com/5589,km,1986–2026,0,2026-08-15T00:51:01.110Z
russia|50 kopeks|2013|,,,,nenhuma,,0,2026-08-15T00:51:01.149Z
eua|1 dime|1968|,,,,nenhuma,,0,2026-08-15T00:51:01.257Z
ucrania|10 kopiyok|2016|,68709,"10 Kopiiok (with mintmark, magnetic)",https://pt.numista.com/68709,pais-ano,2014–2022,0,2026-08-15T00:51:01.330Z
eua|1 dime|2007|,,,,nenhuma,,0,2026-08-15T00:51:01.441Z
hong kong|10 centimos|1997|km# 66,1579,10 Cents,https://pt.numista.com/1579,km,1993–2017,0,2026-08-15T00:51:01.656Z
argentina|5 centavos|1993|,3246,5 Centavos (reeded edge),https://pt.numista.com/3246,pais-ano,1992–2005,0,2026-08-15T00:51:01.886Z
alemanha|20 centimos de euro|2010|km# 255,6319,20 Euro Cents (2nd map),https://pt.numista.com/6319,km,2007–2026,0,2026-08-15T00:51:01.959Z
antilhas neerlandesas|10 centimos|1998|km# 34,,,,nenhuma,,0,2026-08-15T00:51:04.062Z
turquia|5 kurus|2015|km# 1240,7047,5 Kuruş,https://pt.numista.com/7047,km,2009–2022,0,2026-08-15T00:51:04.239Z
albania|5 leke|1995|km# 76,2691,5 Lekë (Magnetic),https://pt.numista.com/2691,km,1995–2023,0,2026-08-15T00:51:04.384Z
paraguai|5 guaranis|1975|km# 152,5154,5 Guaraníes,https://pt.numista.com/5154,km,1975,0,2026-08-15T00:51:04.525Z
antilhas neerlandesas|25 centimos|1991|km# 35,,,,nenhuma,,0,2026-08-15T00:51:04.630Z
colombia|100 pesos|2016|km# 296,34772,100 Pesos,https://pt.numista.com/34772,km,2012–2026,0,2026-08-15T00:51:04.839Z
eua|¼ dolar|1989|,,,,nenhuma,,0,2026-08-15T00:51:04.917Z
brasil|1 cruzeiro|1958|km# 570,8195,1 Cruzeiro,https://pt.numista.com/8195,km,1957–1961,0,2026-08-15T00:51:05.061Z
argentina|10 centavos|1993|km# 107,2214,10 Centavos (reeded edge; non-magnetic),https://pt.numista.com/2214,km,1992–2006,0,2026-08-15T00:51:06.687Z
argentina|10 centavos|2010|km# 107a,21115,10 Centavos (smooth edge; magnetic),https://pt.numista.com/21115,km,2006–2011,0,2026-08-15T00:51:06.817Z
paraguai|10 guaranis|1976|km# 153,4974,10 Guaraníes,https://pt.numista.com/4974,km,1975–1976,0,2026-08-15T00:51:06.966Z
eua|5 centimos|1985|,,,,nenhuma,,0,2026-08-15T00:51:07.007Z
eua|¼ dolar|1971|,,,,nenhuma,,0,2026-08-15T00:51:07.154Z
brasil|20 cruzeiros|1983|,5385,20 Cruzeiros,https://pt.numista.com/5385,pais-ano,1981–1986,0,2026-08-15T00:51:07.221Z
alemanha|5 centimos de euro|2013|km# 209,107,5 Euro Cents,https://pt.numista.com/107,km,2002–2026,0,2026-08-15T00:51:07.291Z
eua|¼ dolar|1988|,,,,nenhuma,,0,2026-08-15T00:51:07.364Z
polonia|1 zloty|2014|,526,1 Grosz (non-magnetic),https://pt.numista.com/526,pais-ano,1990–2014,0,2026-08-15T00:51:08.446Z
eua|5 centimos|1990|,,,,nenhuma,,0,2026-08-15T00:51:08.482Z
bulgaria|1 stotinka|2000|km# 237a,28610,1 Stotinka (magnetic),https://pt.numista.com/28610,km,2000–2002,0,2026-08-15T00:51:08.621Z
brasil|10 centavos|1948|km# 561,6792,10 Centavos (José Bonifácio),https://pt.numista.com/6792,km,1947–1955,0,2026-08-15T00:51:08.761Z
trinidad e tobago|5 centimos|2009|km# 30,926,5 Cents (Non-Magnetic),https://pt.numista.com/926,km,1976–2017,0,2026-08-15T00:51:08.945Z
polonia|2 zlote|2009|,518,2 Zlotys,https://pt.numista.com/518,pais-ano,1994–2026,0,2026-08-15T00:51:09.112Z
argentina|1 peso|1995|km# 112,,,,nenhuma,,0,2026-08-15T00:51:09.356Z
eua|¼ dolar|1983|,,,,nenhuma,,0,2026-08-15T00:51:09.532Z
polonia|10 groszy|2013|,523,10 Groszy,https://pt.numista.com/523,pais-ano,1990–2016,0,2026-08-15T00:51:10.873Z
aruba|10 centimos|1998|km# 2,5349,10 Cents,https://pt.numista.com/5349,km,1986–2026,0,2026-08-15T00:51:11.021Z
antilhas neerlandesas|25 centimos|1992|km# 35,,,,nenhuma,,0,2026-08-15T00:51:11.128Z
macedonia do norte|10 denari|2008|km# 31,6533,10 Denari,https://pt.numista.com/6533,km,2008–2017,0,2026-08-15T00:51:11.204Z
franca|2 euro|2008|km# 1459,3561,2 Euros (French Presidency of the European Union),https://pt.numista.com/3561,km,2008,0,2026-08-15T00:51:11.347Z
colombia|200 pesos|2007|km# 287,1051,200 Pesos,https://pt.numista.com/1051,km,1994–2012,0,2026-08-15T00:51:11.488Z
antilhas neerlandesas|5 centimos|1967|km# 6,,,,nenhuma,,0,2026-08-15T00:51:11.591Z
alemanha|2 euro|2002|km# 214,112,2 Euros (1st map),https://pt.numista.com/112,km,2002–2006,0,2026-08-15T00:51:11.699Z
polonia|20 groszy|2009|,522,20 Groszy,https://pt.numista.com/522,pais-ano,1990–2016,0,2026-08-15T00:51:12.747Z
chile|10 pesos|2008|km# 228,2756,10 Pesos,https://pt.numista.com/2756,km,1990–2026,0,2026-08-15T00:51:12.891Z
trinidad e tobago|25 centimos|2015|km# 32,1159,25 Cents (Non-Magnetic),https://pt.numista.com/1159,km,1976–2017,0,2026-08-15T00:51:13.031Z
brasil|100 reis|1938|km# 536,9077,100 Réis (Tamandaré),https://pt.numista.com/9077,km,1936–1938,0,2026-08-15T00:51:13.174Z
italia|1 euro|2002|km# 216,,,,nenhuma,,0,2026-08-15T00:51:13.351Z
russia|5 rublos|2014|,65574,20 Roubles (Year of the Goat),https://pt.numista.com/65574,pais-ano,2014,0,2026-08-15T00:51:13.530Z
austria|10 centimos de euro|2002|km# 3085,60,10 Euro Cents (1st map),https://pt.numista.com/60,km,2002–2007,0,2026-08-15T00:51:13.679Z
peru|20 centimos|2014|km# 306.4,5422,20 Céntimos (Without braille),https://pt.numista.com/5422,km,2001–2026,0,2026-08-15T00:51:13.854Z
brasil|200 reis|1938|km# 537,2245,200 Réis (Mauá),https://pt.numista.com/2245,km,1936–1938,0,2026-08-15T00:51:14.965Z
tchequia|50 coroas|2010|km# 1,,,,nenhuma,,0,2026-08-15T00:51:15.142Z
eua|¼ dolar|2001|,,,,nenhuma,,0,2026-08-15T00:51:15.353Z
argentina|1 peso|1958|km# 57,2818,1 Peso,https://pt.numista.com/2818,km,1957–1962,0,2026-08-15T00:51:15.462Z
mexico|10 pesos novos|1992|km# 553,590,10 Nuevos Pesos,https://pt.numista.com/590,km,1992–1995,0,2026-08-15T00:51:15.598Z
peru|1 novo sol|2007|km# 308.4,2443,1 Nuevo Sol (1st type; without braille),https://pt.numista.com/2443,km,2001–2011,0,2026-08-15T00:51:15.776Z
argentina|2 pesos|2007|km# 144,,,,nenhuma,,0,2026-08-15T00:51:16.017Z
mexico|100 pesos|1991|km# 493,961,100 Pesos,https://pt.numista.com/961,km,1984–1992,0,2026-08-15T00:51:16.221Z
russia|10 rublos|2012|,77000,10 Roubles (The Cornflower),https://pt.numista.com/77000,pais-ano,2012,0,2026-08-15T00:51:17.454Z
trinidad e tobago|5 centimos|1971|km# 2,,,,nenhuma,,0,2026-08-15T00:51:17.629Z
austria|1 euro|2006|km# 3088,63,1 Euro (1st map),https://pt.numista.com/63,km,2002–2007,0,2026-08-15T00:51:17.770Z
romenia|10 bani|2012|km# 191,4101,10 Bani (Eagle without crown),https://pt.numista.com/4101,km,2005–2017,0,2026-08-15T00:51:17.909Z
colombia|100 pesos|1995|km# 285,2433,100 Pesos,https://pt.numista.com/2433,km,1992–2012,0,2026-08-15T00:51:18.117Z
brasil|50 centavos|1945|km# 557a,4896,50 Centavos,https://pt.numista.com/4896,km,1943–1947,0,2026-08-15T00:51:18.256Z
servia|5 dinar|2013|km# 56a,33452,5 Dinars (2nd Coat of Arms; Magnetic),https://pt.numista.com/33452,km,2013–2025,0,2026-08-15T00:51:18.400Z
alemanha|10 centimos de euro|2002|km# 210,108,10 Euro Cents (1st map),https://pt.numista.com/108,km,2002–2006,0,2026-08-15T00:51:18.507Z
argentina|1 peso|1975|km# 69,5227,1 Peso,https://pt.numista.com/5227,km,1974–1976,0,2026-08-15T00:51:19.590Z
africa do sul|2 rand|2010|km# 498,21984,2 Rand (Suid-Afrika - Afrika Borwa),https://pt.numista.com/21984,km,2010–2022,0,2026-08-15T00:51:19.736Z
russia|1 rublo|1998|,46307,1 Rouble (Castle of Mir),https://pt.numista.com/46307,pais-ano,1998,0,2026-08-15T00:51:19.916Z
paraguai|1000 guaranis|2008|km# 198,9762,1000 Guaraníes,https://pt.numista.com/9762,km,2006–2022,0,2026-08-15T00:51:20.164Z
uruguai|1 peso|1994|km# 103.1,,,,nenhuma,,0,2026-08-15T00:51:20.418Z
uruguai|2 pesos|2007|km# 104.2,,,,nenhuma,,0,2026-08-15T00:51:20.631Z
antilhas neerlandesas|1 florim|1984|km# 24,,,,nenhuma,,0,2026-08-15T00:51:20.734Z
brasil|1000 cruzeiros|1993|km# 626,5392,1000 Cruzeiros,https://pt.numista.com/5392,km,1992–1993,0,2026-08-15T00:51:21.798Z
guiana|10 dolares|2013|km# 52,7708,10 Dollars,https://pt.numista.com/7708,km,1996–2018,0,2026-08-15T00:51:21.940Z
|200 francos|2010|km# 14,,,,nenhuma,,0,2026-08-15T00:51:22.106Z
panama|1 balboa|2011|km# 141,23694,1 Balboa,https://pt.numista.com/23694,km,2011–2019,0,2026-08-15T00:51:22.242Z
colombia|1000 pesos|2014|km# 299,34775,1000 Pesos,https://pt.numista.com/34775,km,2012–2025,0,2026-08-15T00:51:22.417Z
reino unido|10 pence|2013|,65157,"2 Pence - Elizabeth II (4th portrait; Royal Shield, Silver Proof)",https://pt.numista.com/65157,pais-ano,2008–2015,0,2026-08-15T00:51:22.609Z
brasil|100 cruzeiros reais|1993|km# 630,9370,100 Cruzeiros Reais,https://pt.numista.com/9370,km,1993–1994,0,2026-08-15T00:51:22.746Z
egito|20 piastres|1992|km# 733,1828,20 Qirsh,https://pt.numista.com/1828,km,1992,0,2026-08-15T00:51:22.887Z
uruguai|5 pesos|2008|km# 120.2,,,,nenhuma,,0,2026-08-15T00:51:23.967Z
"paises baixos, reino dos|1 euro|2000|km# 240",,,,nenhuma,,0,2026-08-15T00:51:24.080Z
brasil|20 cruzeiros|1985|,5385,20 Cruzeiros,https://pt.numista.com/5385,pais-ano,1981–1986,0,2026-08-15T00:51:24.150Z
argentina|10 pesos|1976|km# 72,5229,10 Pesos,https://pt.numista.com/5229,km,1976–1978,0,2026-08-15T00:51:24.334Z
cuba|3 pesos|1992|km# 346a,4469,3 Pesos (Che Guevara),https://pt.numista.com/4469,km,1992–2002,0,2026-08-15T00:51:24.536Z
mexico|2 pesos novos|1994|km# 551,586,2 Nuevos Pesos,https://pt.numista.com/586,km,1992–1995,0,2026-08-15T00:51:24.665Z
islandia|1 coroa|2011|,1549,1 Króna (Magnetic),https://pt.numista.com/1549,pais-ano,1989–2017,0,2026-08-15T00:51:24.768Z
franca|20 centimos|1996|km# 930,4,20 Centimes,https://pt.numista.com/4,km,1962–2001,0,2026-08-15T00:51:24.943Z
bosnia e herzegovina|1 marka|2002|km# 118,3073,1 Konvertibilna Marka,https://pt.numista.com/3073,km,2000–2025,0,2026-08-15T00:51:26.445Z
bulgaria|1 lev|2002|km# 254,5109,1 Lev,https://pt.numista.com/5109,km,2002,0,2026-08-15T00:51:26.583Z
polonia|5 zlotych|1994|,93909,5 Zlotys (Trial Strike),https://pt.numista.com/93909,pais-ano,1994,0,2026-08-15T00:51:26.717Z
macedonia do norte|1 denar|2008|km# 2,3108,1 Denar,https://pt.numista.com/3108,km,1993–2014,0,2026-08-15T00:51:26.793Z
macedonia do norte|2 dinar|2006|km# 3,4028,2 Denari,https://pt.numista.com/4028,km,1993–2014,0,2026-08-15T00:51:26.982Z
singapura|1 dolar|2013|km# 314,42898,1 Dollar,https://pt.numista.com/42898,km,2013–2019,0,2026-08-15T00:51:27.119Z
chile|100 pesos|2011|km# 236,2845,100 Pesos,https://pt.numista.com/2845,km,2001–2023,0,2026-08-15T00:51:27.263Z
tailandia|10 baht|2008|,22037,10 Satang - Rama IX (4th portrait),https://pt.numista.com/22037,pais-ano,2008–2017,0,2026-08-15T00:51:27.471Z
eua|5 centimos|2015|km# 381,50,"5 Cents ""Jefferson Nickel"" (2nd portrait, Return to Monticello)",https://pt.numista.com/50,km,2006–2025,0,2026-08-15T00:51:28.419Z
colombia|100 pesos|2010|km# 285,2433,100 Pesos,https://pt.numista.com/2433,km,1992–2012,0,2026-08-15T00:51:28.622Z
uruguai|10 pesos|2000|km# 121,4468,10 Pesos Uruguayos (José Artigas),https://pt.numista.com/4468,km,2000,0,2026-08-15T00:51:28.768Z
africa do sul|5 rand|2005|km# 297,2483,5 Rand (Afrika Dzonga - South Africa),https://pt.numista.com/2483,km,2005,0,2026-08-15T00:51:28.912Z
romenia|50 bani|2016|,4768,50 Bani (Eagle without crown),https://pt.numista.com/4768,pais-ano,2005–2017,0,2026-08-15T00:51:29.088Z
eua|¼ dolar|1986|,,,,nenhuma,,0,2026-08-15T00:51:29.156Z
belgica|2 euro|2004|km# 231,80,"2 Euros - Albert II (1st map, 1st type, 1st portrait)",https://pt.numista.com/80,km,1999–2006,0,2026-08-15T00:51:29.371Z
brasil|1000 reis|1927|km# 525,6132,1000 Réis,https://pt.numista.com/6132,km,1924–1931,0,2026-08-15T00:51:29.512Z
peru|1 novo sol|2013|km# 366,37083,1 Nuevo Sol (2nd type),https://pt.numista.com/37083,km,2012–2015,0,2026-08-15T00:51:30.705Z
uruguai|10 pesos|2011|km# 134,22257,10 Pesos Uruguayos (Puma),https://pt.numista.com/22257,km,2011–2015,0,2026-08-15T00:51:30.877Z
chile|50 pesos|2015|km# 219,2834,50 Pesos,https://pt.numista.com/2834,km,1981–2024,0,2026-08-15T00:51:31.044Z
eua|¼ dolar|2014|,,,,nenhuma,,0,2026-08-15T00:51:31.220Z
polonia|1 zloty|2013|,526,1 Grosz (non-magnetic),https://pt.numista.com/526,pais-ano,1990–2014,0,2026-08-15T00:51:31.387Z
|500 francos|2004|km# 15,10429,1 Falus - Dost Muhammad (Ahmadshahi),https://pt.numista.com/10429,km,1825,1,2026-08-15T00:51:31.462Z
argentina|50 centavos|1994|km# 111,,,,nenhuma,,0,2026-08-15T00:51:31.700Z
trinidad e tobago|1 centimo|2016|km# 29,1091,1 Cent,https://pt.numista.com/1091,km,1976–2016,0,2026-08-15T00:51:31.837Z
argentina|25 centavos|1992|km# 110.1,,,,nenhuma,,0,2026-08-15T00:51:32.959Z
australia|50 centimos|2006|km# 404,8327,50 Cents - Elizabeth II (4th Portrait),https://pt.numista.com/8327,km,1999–2019,0,2026-08-15T00:51:33.094Z
eua|¼ dolar|1979|,,,,nenhuma,,0,2026-08-15T00:51:33.280Z
argentina|10 centavos|1992|km# 107,2214,10 Centavos (reeded edge; non-magnetic),https://pt.numista.com/2214,km,1992–2006,0,2026-08-15T00:51:33.484Z
mexico|20 pesos novos|1993|km# 561,593,20 Nuevos Pesos,https://pt.numista.com/593,km,1993–1995,0,2026-08-15T00:51:33.622Z
hungria|50 florins|1994|km# 697,808,50 Forint,https://pt.numista.com/808,km,1992–2011,0,2026-08-15T00:51:33.796Z
chile|100 pesos|1999|km# 226,2302,100 Pesos,https://pt.numista.com/2302,km,1981–2000,0,2026-08-15T00:51:34.834Z
colombia|500 pesos|2005|km# 286,2432,500 Pesos,https://pt.numista.com/2432,km,1993–2012,0,2026-08-15T00:51:35.007Z
brasil|50 centavos|1987|km# 604,3758,50 Centavos,https://pt.numista.com/3758,km,1986–1988,0,2026-08-15T00:51:35.139Z
brasil|1 cruzado|1986|km# 605,3509,1 Cruzado,https://pt.numista.com/3509,km,1986–1988,0,2026-08-15T00:51:35.275Z
brasil|10 cruzados|1987|km# 607,3538,10 Cruzados,https://pt.numista.com/3538,km,1987–1988,0,2026-08-15T00:51:35.411Z
brasil|20 centavos|1987|km# 603,5389,20 Centavos,https://pt.numista.com/5389,km,1986–1988,0,2026-08-15T00:51:35.547Z
brasil|5 centavos|1975|km# 587,,,,nenhuma,,0,2026-08-15T00:51:35.791Z
brasil|1 centavo|1969|km# 575.2,6794,1 Centavo,https://pt.numista.com/6794,km,1967–1975,0,2026-08-15T00:51:35.954Z
brasil|10 centavos|1986|km# 602,445638,10 Centavos (Trial),https://pt.numista.com/445638,km,1986–1987,0,2026-08-15T00:51:37.011Z
brasil|2 centavos|1967|km# 576.1,6437,2 Centavos,https://pt.numista.com/6437,km,1967–1975,0,2026-08-15T00:51:37.155Z
brasil|5 centavos|1969|km# 577.2,,,,nenhuma,,0,2026-08-15T00:51:37.330Z
brasil|10 cruzados|1988|km# 607,3538,10 Cruzados,https://pt.numista.com/3538,km,1987–1988,0,2026-08-15T00:51:37.462Z
brasil|5 cruzados|1987|km# 606,4696,5 Cruzados,https://pt.numista.com/4696,km,1986–1988,0,2026-08-15T00:51:37.598Z
brasil|5 cruzeiros reais|1993|km# 627,5393,5 Cruzeiros Reais,https://pt.numista.com/5393,km,1993–1994,0,2026-08-15T00:51:37.738Z
brasil|10 centavos|1978|km# 578.1a,7052,10 Centavos (magnetic),https://pt.numista.com/7052,km,1974–1979,0,2026-08-15T00:51:37.874Z
brasil|1 cruzeiro|1980|km# 590,2247,1 Cruzeiro,https://pt.numista.com/2247,km,1979–1984,0,2026-08-15T00:51:38.037Z
brasil|2 centavos|1975|km# 586,5384,2 Centavos (FAO),https://pt.numista.com/5384,km,1975–1978,0,2026-08-15T00:51:39.102Z
brasil|1 cruzeiro|1979|km# 590,2247,1 Cruzeiro,https://pt.numista.com/2247,km,1979–1984,0,2026-08-15T00:51:39.271Z
brasil|100 cruzeiros|1985|km# 595,4052,100 Cruzeiros,https://pt.numista.com/4052,km,1985–1986,0,2026-08-15T00:51:39.438Z
brasil|10 cruzeiros|1981|km# 592.1,,,,nenhuma,,0,2026-08-15T00:51:39.606Z
brasil|5 cruzeiros|1980|km# 591,2576,5 Cruzeiros,https://pt.numista.com/2576,km,1980–1984,0,2026-08-15T00:51:39.741Z
brasil|500 cruzeiros|1986|km# 597,5386,500 Cruzeiros,https://pt.numista.com/5386,km,1985–1986,0,2026-08-15T00:51:39.948Z
brasil|10 cruzeiros reais|1993|km# 628,5394,10 Cruzeiros Reais,https://pt.numista.com/5394,km,1993–1994,0,2026-08-15T00:51:40.086Z
brasil|1 cruzeiro|1990|km# 617,5388,1 Cruzeiro,https://pt.numista.com/5388,km,1990,0,2026-08-15T00:51:41.124Z
brasil|500 cruzeiros|1992|km# 624,2300,500 Cruzeiros,https://pt.numista.com/2300,km,1992–1993,0,2026-08-15T00:51:41.264Z
brasil|10 cruzeiros|1991|km# 619,,,,nenhuma,,0,2026-08-15T00:51:41.415Z
brasil|5 cruzeiros|1990|km# 618,4697,5 Cruzeiros,https://pt.numista.com/4697,km,1990–1992,0,2026-08-15T00:51:41.550Z
brasil|5 cruzados|1988|km# 606,4696,5 Cruzados,https://pt.numista.com/4696,km,1986–1988,0,2026-08-15T00:51:41.683Z
brasil|50 cruzeiros|1965|km# 574,9337,50 Cruzeiros,https://pt.numista.com/9337,km,1965,0,2026-08-15T00:51:41.822Z
brasil|1 centavo|1975|km# 585,5383,1 Centavo (FAO),https://pt.numista.com/5383,km,1975–1978,0,2026-08-15T00:51:41.996Z
brasil|100 cruzeiros|1992|km# 623,5391,100 Cruzeiros,https://pt.numista.com/5391,km,1992–1993,0,2026-08-15T00:51:42.131Z
brasil|200 cruzeiros|1985|km# 596,10252,200 Cruzeiros,https://pt.numista.com/10252,km,1985–1986,0,2026-08-15T00:51:43.191Z
brasil|1 cruzado|1988|km# 605,3509,1 Cruzado,https://pt.numista.com/3509,km,1986–1988,0,2026-08-15T00:51:43.325Z
brasil|1 centavo|1986|km# 600,,,,nenhuma,,0,2026-08-15T00:51:43.508Z
brasil|1 cruzeiro|1970|km# 581,2248,1 Cruzeiro,https://pt.numista.com/2248,km,1967–1970,0,2026-08-15T00:51:43.644Z
brasil|1 cruzeiro|1976|km# 581a,8852,1 Cruzeiro,https://pt.numista.com/8852,km,1974–1978,0,2026-08-15T00:51:43.780Z
brasil|50 centavos|1979|km# 580b,5382,50 Centavos (magnetic),https://pt.numista.com/5382,km,1975–1979,0,2026-08-15T00:51:43.914Z
brasil|5000 cruzeiros|1992|km# 625,14155,5000 Cruzeiros (200th anniversary of Tiradentes' death),https://pt.numista.com/14155,km,1992,0,2026-08-15T00:51:44.064Z
brasil|1 cruzeiro|1975|km# 581a,8852,1 Cruzeiro,https://pt.numista.com/8852,km,1974–1978,0,2026-08-15T00:51:45.356Z
brasil|1000 reis|1939|km# 550,7059,1000 Réis (Tobias Barreto),https://pt.numista.com/7059,km,1939,0,2026-08-15T00:51:45.488Z
brasil|1000 reis|1939|km# 550,7059,1000 Réis (Tobias Barreto),https://pt.numista.com/7059,km,1939,0,2026-08-15T00:51:45.618Z
brasil|500 reis|1927|km# 524,10105,500 Réis,https://pt.numista.com/10105,km,1924–1930,0,2026-08-15T00:51:45.766Z
brasil|200 reis|1901|km# 504,6440,200 Réis (Liberty),https://pt.numista.com/6440,km,1901,0,2026-08-15T00:51:45.901Z
brasil|10 centavos|1943|km# 555,20883,10 Centavos,https://pt.numista.com/20883,km,1942–1943,0,2026-08-15T00:51:46.037Z
brasil|20 centavos|1945|,10251,10 Centavos,https://pt.numista.com/10251,pais-ano,1943–1947,0,2026-08-15T00:51:46.168Z
brasil|400 reis|1940|km# 547,2249,400 Réis,https://pt.numista.com/2249,km,1938–1942,0,2026-08-15T00:51:46.302Z
brasil|2 cruzeiros|1946|km# 559,1018,2 Cruzeiros,https://pt.numista.com/1018,km,1942–1956,0,2026-08-15T00:51:47.316Z
brasil|1000 reis|1937|km# 541,11487,"1000 Réis (Anchieta, small type)",https://pt.numista.com/11487,km,1936–1938,0,2026-08-15T00:51:47.455Z
brasil|100 reis|1901|km# 503,4333,100 Réis (Liberty),https://pt.numista.com/4333,km,1901,0,2026-08-15T00:51:47.590Z
brasil|400 reis|1901|km# 505,6773,400 Réis (Liberty),https://pt.numista.com/6773,km,1901,0,2026-08-15T00:51:47.724Z
brasil|200 reis|1931|km# 519,4334,200 Réis,https://pt.numista.com/4334,km,1918–1935,0,2026-08-15T00:51:47.859Z
brasil|300 reis|1936|km# 538,2250,300 Réis (Carlos Gomes),https://pt.numista.com/2250,km,1936–1938,0,2026-08-15T00:51:47.994Z
brasil|1 cruzeiro|1972|km# 582,7725,1 Cruzeiro (150th Anniversary of Independence),https://pt.numista.com/7725,km,1972,0,2026-08-15T00:51:48.225Z
brasil|2 cruzeiros|1961|km# 571,5381,2 Cruzeiros,https://pt.numista.com/5381,km,1957–1961,0,2026-08-15T00:51:48.365Z
brasil|50 cruzeiros|1982|km# 594.1,,,,nenhuma,,0,2026-08-15T00:51:49.498Z
brasil|10 cruzeiros|1986|km# 592.2,,,,nenhuma,,0,2026-08-15T00:51:49.626Z
brasil|10 centavos|1989|km# 613,3443,10 Centavos (Miner),https://pt.numista.com/3443,km,1989–1990,0,2026-08-15T00:51:49.799Z
brasil|100 reis|1938|km# 544,10242,100 Réis,https://pt.numista.com/10242,km,1938–1942,0,2026-08-15T00:51:49.937Z
brasil|200 reis|1937|km# 537,2245,200 Réis (Mauá),https://pt.numista.com/2245,km,1936–1938,0,2026-08-15T00:51:50.067Z
brasil|1000 reis|1922|km# 522,900,1000 Réis (Independence Centennial),https://pt.numista.com/900,km,1922,0,2026-08-15T00:51:51.495Z
brasil|400 reis|1931|km# 520,6775,400 Réis,https://pt.numista.com/6775,km,1918–1935,0,2026-08-15T00:51:51.631Z
brasil|400 reis|1937|km# 539,2244,400 Réis (Oswaldo Cruz),https://pt.numista.com/2244,km,1936–1938,0,2026-08-15T00:51:51.765Z
brasil|5 centavos|1989|km# 612,4980,5 Centavos (Fisherman),https://pt.numista.com/4980,km,1989–1990,0,2026-08-15T00:51:51.915Z
brasil|1 centavo|1989|km# 611,6335,1 Centavo (Cowboy),https://pt.numista.com/6335,km,1989–1990,0,2026-08-15T00:51:52.045Z
brasil|1 centavo|1979|km# 589,356989,1 Centavo (Trial),https://pt.numista.com/356989,km,1979–1980,0,2026-08-15T00:51:52.213Z
brasil|5 cruzeiros|1984|km# 591,2576,5 Cruzeiros,https://pt.numista.com/2576,km,1980–1984,0,2026-08-15T00:51:52.348Z
brasil|10 cruzeiros|1985|km# 592.2,,,,nenhuma,,0,2026-08-15T00:51:53.495Z
brasil|1 centavo|1998|km# 647,4049,1 Centavo (Cabral),https://pt.numista.com/4049,km,1998–2004,0,2026-08-15T00:51:53.666Z
brasil|50 centavos|2010|km# 651a,666,50 Centavos (Rio Branco; stainless steel),https://pt.numista.com/666,km,2002–2024,0,2026-08-15T00:51:53.915Z
brasil|5 centavos|2012|km# 648,1049,5 Centavos (Tiradentes),https://pt.numista.com/1049,km,1998–2025,0,2026-08-15T00:51:54.084Z
brasil|25 centavos|2013|km# 650,2252,25 Centavos (Deodoro da Fonseca),https://pt.numista.com/2252,km,1998–2025,0,2026-08-15T00:51:54.254Z
brasil|10 centavos|2011|km# 649,2253,10 Centavos (Pedro I),https://pt.numista.com/2253,km,1998–2025,0,2026-08-15T00:51:54.393Z
brasil|5 centavos|1996|km# 632,1104,5 Centavos,https://pt.numista.com/1104,km,1994–1997,0,2026-08-15T00:51:54.534Z
brasil|25 centavos|1995|km# 634,2242,25 Centavos,https://pt.numista.com/2242,km,1994–1995,0,2026-08-15T00:51:55.793Z
brasil|10 cruzeiros|1990|km# 619,,,,nenhuma,,0,2026-08-15T00:51:55.926Z
brasil|1 cruzeiro|1946|km# 558,957,1 Cruzeiro,https://pt.numista.com/957,km,1942–1956,0,2026-08-15T00:51:56.064Z
brasil|1000 reis|1938|km# 541,11487,"1000 Réis (Anchieta, small type)",https://pt.numista.com/11487,km,1936–1938,0,2026-08-15T00:51:56.194Z
alemanha|10 pfennig|1876|km# 4,6078,10 Pfennigs (type 1 - large shield),https://pt.numista.com/6078,km,1873–1889,0,2026-08-15T00:51:56.357Z
brasil|50 centavos|1994|km# 635,2823,50 Centavos,https://pt.numista.com/2823,km,1994–1995,0,2026-08-15T00:51:56.556Z
brasil|1 centavo|1995|km# 631,2832,1 Centavo,https://pt.numista.com/2832,km,1994–1997,0,2026-08-15T00:51:56.690Z
brasil|1 real|1994|km# 636,3198,1 Real,https://pt.numista.com/3198,km,1994,0,2026-08-15T00:51:58.401Z
brasil|300 reis|1940|km# 546,5377,300 Réis,https://pt.numista.com/5377,km,1938–1942,0,2026-08-15T00:51:58.537Z
brasil|2000 reis|1924|km# 526,6131,2000 Réis,https://pt.numista.com/6131,km,1924–1934,0,2026-08-15T00:51:58.671Z
brasil|20 cruzeiros|1965|km# 573,9525,20 Cruzeiros,https://pt.numista.com/9525,km,1965,0,2026-08-15T00:51:58.806Z
brasil|10 cruzeiros|1984|km# 592.1,,,,nenhuma,,0,2026-08-15T00:51:58.938Z
brasil|50 centavos|1995|km# 635,2823,50 Centavos,https://pt.numista.com/2823,km,1994–1995,0,2026-08-15T00:51:59.141Z
brasil|10 cruzeiros|1982|km# 592.1,,,,nenhuma,,0,2026-08-15T00:52:00.499Z
brasil|1 real|2016|km# 724,83619,1 Real (Olympic Games Rio 2016 - Boxing),https://pt.numista.com/83619,km,2016,0,2026-08-15T00:52:00.642Z
brasil|1 real|2015|km# 709,75273,1 Real (Olympic Games Rio 2016 - Volleyball),https://pt.numista.com/75273,km,2015,0,2026-08-15T00:52:00.787Z
brasil|1 real|2015|km# 708,75158,1 Real (Olympic Games Rio 2016 - Soccer),https://pt.numista.com/75158,km,2015,0,2026-08-15T00:52:00.970Z
brasil|1 real|2016|km# 726,83621,1 Real (Olympic Games Rio 2016 - Olympic Mascot),https://pt.numista.com/83621,km,2016,0,2026-08-15T00:52:01.108Z
brasil|1 real|2015|km# 707,71697,1 Real (Olympic Games Rio 2016 - Rugby),https://pt.numista.com/71697,km,2015,0,2026-08-15T00:52:01.241Z
brasil|50 centavos|2007|km# 651a,666,50 Centavos (Rio Branco; stainless steel),https://pt.numista.com/666,km,2002–2024,0,2026-08-15T00:52:01.487Z
brasil|10 centavos|1994|km# 633,2822,10 Centavos,https://pt.numista.com/2822,km,1994–1997,0,2026-08-15T00:52:01.660Z
brasil|10 centavos|1995|km# 641,11094,10 Centavos (FAO),https://pt.numista.com/11094,km,1995,0,2026-08-15T00:52:02.826Z
brasil|1 real|1998|km# 652,3817,1 Real,https://pt.numista.com/3817,km,1998–1999,0,2026-08-15T00:52:02.971Z
brasil|1 real|2015|km# 711,75274,1 Real (Olympic Games Rio 2016 - Judo),https://pt.numista.com/75274,km,2015,0,2026-08-15T00:52:03.108Z
brasil|1 real|2019|km# 652a,,,,nenhuma,,0,2026-08-15T00:52:03.356Z
brasil|1 real|2015|km# 705,71695,1 Real (Olympic Games Rio 2016 - Sailing),https://pt.numista.com/71695,km,2015,0,2026-08-15T00:52:03.545Z
brasil|1 real|2014|km# 689,68046,1 Real (Olympic Games Rio 2016 - Paratriathlon),https://pt.numista.com/68046,km,2014,0,2026-08-15T00:52:03.749Z
brasil|1 real|2015|km# 723,71605,1 Real (50 Years of Central Bank),https://pt.numista.com/71605,km,2015,0,2026-08-15T00:52:03.894Z
brasil|1 real|2005|km# 668,6439,1 Real (40 Years of Central Bank),https://pt.numista.com/6439,km,2005,0,2026-08-15T00:52:04.061Z
brasil|1 real|2015|km# 704,71696,1 Real (Olympic Games Rio 2016 - Basketball),https://pt.numista.com/71696,km,2015,0,2026-08-15T01:07:46.866Z
brasil|1 real|2016|km# 725,83620,1 Real (Olympic Games Rio 2016 - Paralympic Swimming),https://pt.numista.com/83620,km,2016,0,2026-08-15T01:07:47.010Z
brasil|1 real|2002|km# 656,6385,1 Real (Juscelino Kubitschek),https://pt.numista.com/6385,km,2002,0,2026-08-15T01:07:47.192Z
brasil|1 real|2015|km# 706,71698,1 Real (Olympic Games Rio 2016 - Paracanoe),https://pt.numista.com/71698,km,2015,0,2026-08-15T01:07:47.364Z
brasil|1 real|2019|,1049,5 Centavos (Tiradentes),https://pt.numista.com/1049,pais-ano,1998–2025,0,2026-08-15T01:07:47.539Z
brasil|1 real|2014|km# 688,68045,1 Real (Olympic Games Rio 2016 - Swimming),https://pt.numista.com/68045,km,2014,0,2026-08-15T01:07:47.715Z
brasil|1 real|2016|km# 727,83622,1 Real (Olympic Games Rio 2016 - Paralympic Mascot),https://pt.numista.com/83622,km,2016,0,2026-08-15T01:07:47.854Z
brasil|1 real|2014|km# 687,68043,1 Real (Olympic Games Rio 2016 - Athletics),https://pt.numista.com/68043,km,2014,0,2026-08-15T01:07:48.024Z
brasil|1 real|2014|km# 690,68044,1 Real (Olympic Games Rio 2016 - Golf),https://pt.numista.com/68044,km,2014,0,2026-08-15T01:07:49.566Z
brasil|1 real|2015|km# 710,75275,1 Real (Olympic Games Rio 2016 - Paralympic Athletics),https://pt.numista.com/75275,km,2015,0,2026-08-15T01:07:49.739Z
brasil|50 cruzeiros reais|1993|km# 629,14154,50 Cruzeiros Reais,https://pt.numista.com/14154,km,1993–1994,0,2026-08-15T01:07:49.873Z
brasil|10 cruzeiros|1965|km# 572,9369,10 Cruzeiros,https://pt.numista.com/9369,km,1965,0,2026-08-15T01:07:50.007Z
hungria|100 florins|1996|km# 721,807,100 Forint,https://pt.numista.com/807,km,1996–2011,0,2026-08-15T01:07:50.172Z
brasil|100 reis|1889|km# 492,15321,100 Réis,https://pt.numista.com/15321,km,1889–1900,0,2026-08-15T01:07:50.315Z
brasil|1 real|1998|km# 653,11096,1 Real (Human Rights),https://pt.numista.com/11096,km,1998,0,2026-08-15T01:07:50.596Z
alemanha|2 reichsmark|1937|km# 93,3416,2 Reichsmark (Paul von Hindenburg),https://pt.numista.com/3416,km,1936–1939,0,2026-08-15T01:07:50.742Z
brasil|200 reis|1920|km# 519,4334,200 Réis,https://pt.numista.com/4334,km,1918–1935,0,2026-08-15T01:07:51.818Z
brasil|300 reis|1937|km# 538,2250,300 Réis (Carlos Gomes),https://pt.numista.com/2250,km,1936–1938,0,2026-08-15T01:07:51.949Z
russia|1 rublo da sorte||,,,,nenhuma,,0,2026-08-15T01:07:51.984Z
cuba|5 centavos|1968|km# 34,2855,5 Centavos (Patria y Libertad),https://pt.numista.com/2855,km,1963–2015,0,2026-08-15T01:07:52.058Z
japao|5 ienes|1972|,929,5 Yen - Shōwa (Gothic style),https://pt.numista.com/929,pais-ano,1959–1989,0,2026-08-15T01:07:52.125Z
suica|2 francos|1994|,189,2 Francs (Helvetia standing; copper-nickel),https://pt.numista.com/189,pais-ano,1968–2026,0,2026-08-15T01:07:52.300Z
brasil|25 centavos|1995|km# 642,11095,25 Centavos (FAO),https://pt.numista.com/11095,km,1995,0,2026-08-15T01:07:52.440Z
canada|10 centimos|2007|km# 492,377365,10 Cents - Elizabeth II (4th portrait),https://pt.numista.com/377365,km,2003–2006,1,2026-08-15T01:07:53.686Z
canada|5 centimos|2007|,,,,nenhuma,,0,2026-08-15T01:07:53.791Z
canada|1 dolar|2007|km# 495,377647,1 Dollar - Elizabeth II (4th portrait),https://pt.numista.com/377647,km,2003–2006,1,2026-08-15T01:07:53.926Z
canada|1 centimo|2007|,,,,nenhuma,,0,2026-08-15T01:07:53.995Z
colombia|500 pesos|2008|km# 286,2432,500 Pesos,https://pt.numista.com/2432,km,1993–2012,0,2026-08-15T01:07:54.166Z