1737564761,2026-08-31T00:51:03.337Z,assistant,"A maior concentração do seu portfólio está em *Ações Internacionais*, representando 55.9% do total, com um valor de R$ 111.407,19.

Em seguida, vêm os *ETFs USA* com 17.6% (R$ 35.081,065)."
1737564761,2026-08-31T00:51:03.336Z,user,Qual a maior concentração do meu portifolio
1737564761,2026-08-31T02:06:36.593Z,assistant,"Opa, tudo bem? 

Seu patrimônio total está em *R$ 199.283,56*, fechando o dia com uma variação de *-0,41%* (-R$ 788,33). 

Como posso te ajudar hoje?"
1737564761,2026-08-31T02:06:36.593Z,user,Oi
1737564761,2026-08-31T02:07:12.138Z,assistant,"Seu patrimônio total está em *R$ 199.283,56*, com uma alocação fortemente focada em renda variável (*95,3%*, ou R$ 189.984,41) e apenas *4,7%* em renda fixa (R$ 9.299,15).

A maior parte da sua carteira está dolarizada no exterior: *Ações Internacionais* representam *55,9%* (R$ 111.401,45) e *ETFs no exterior* somam *17,6%* (R$ 35.081,07). Suas três maiores posições individuais são *MSFT* (R$ 26.731,29), *VWRA* (R$ 19.337,44) e *NVDA* (R$ 19.251,39). 

No histórico, você já acumula *R$ 13.315,14* em proventos recebidos, com destaque para o fundo imobiliário *KNCR11*, que sozinho gerou R$ 4.817,59."
1737564761,2026-08-31T02:07:12.138Z,user,Me fale um pouco do meu patrimônio